source,station_id,init_time_utc,valid_time_utc,lead_hours,TMP,DPT,UGRD,VGRD,TCDC,PRATE
noaa_gfs,KRDU,2024-07-19T12:00:00Z,2024-07-20T04:00:00Z,16,295.62529296875,294.95849609375,-2.68143798828125,0.1264013671875,100.0,2.4000000000000007e-06
noaa_gfs,KRDU,2024-07-19T12:00:00Z,2024-07-20T05:00:00Z,17,295.035302734375,294.72421875000003,-1.8795947265625,0.56972900390625,100.0,0.0006856000000000002
noaa_gfs,KRDU,2024-07-19T12:00:00Z,2024-07-20T06:00:00Z,18,294.883447265625,294.66259765625,-0.29585693359375,1.1907861328125,100.0,0.0005272000000000001
noaa_gfs,KRDU,2024-07-19T12:00:00Z,2024-07-20T07:00:00Z,19,294.8960205078125,294.8,-1.06488037109375,-0.7663818359375,100.0,8.000000000000001e-06
noaa_gfs,KRDU,2024-07-19T12:00:00Z,2024-07-20T08:00:00Z,20,294.90744628906253,294.6854248046875,-0.94109130859375,-0.111220703125,95.9,4.720000000000001e-05
noaa_gfs,KRDU,2024-07-19T12:00:00Z,2024-07-20T09:00:00Z,21,294.8809326171875,294.58090820312503,0.10126953125,0.7094482421875,100.0,4.000000000000001e-05
noaa_gfs,KRDU,2024-07-19T12:00:00Z,2024-07-20T10:00:00Z,22,294.907470703125,294.6211669921875,-0.2500537109375,0.28681396484375,100.0,0.0
noaa_gfs,KRDU,2024-07-19T12:00:00Z,2024-07-20T11:00:00Z,23,295.0991943359375,294.55612792968753,0.2296435546875,0.44180175781250003,100.0,0.0
noaa_gfs,KRDU,2024-07-19T12:00:00Z,2024-07-20T12:00:00Z,24,295.405908203125,294.80592041015626,0.8314013671875,0.3105908203125,99.9,0.0
noaa_gfs,KRDU,2024-07-19T12:00:00Z,2024-07-20T13:00:00Z,25,296.41184082031253,295.105908203125,0.9213793945312501,-0.63545166015625,100.0,8.000000000000002e-07
noaa_gfs,KRDU,2024-07-19T12:00:00Z,2024-07-20T14:00:00Z,26,296.61643066406253,295.2059326171875,0.71828369140625,-0.4743408203125,100.0,2.4000000000000007e-06
noaa_gfs,KRDU,2024-07-19T12:00:00Z,2024-07-20T15:00:00Z,27,298.88505859375,295.592529296875,1.432861328125,0.30013671875000003,100.0,0.0004760000000000001
noaa_gfs,KRDU,2024-07-19T12:00:00Z,2024-07-20T16:00:00Z,28,296.9177490234375,295.51182861328124,1.6764477539062501,0.98260986328125,100.0,0.0004160000000000001
noaa_gfs,KRDU,2024-07-19T12:00:00Z,2024-07-20T17:00:00Z,29,299.1177490234375,296.11182861328126,2.6253369140625002,0.7277197265625001,99.80000000000001,0.00020800000000000004
noaa_gfs,KRDU,2024-07-19T12:00:00Z,2024-07-20T18:00:00Z,30,299.5701171875,295.75159912109376,3.0338452148437502,0.38251708984375,91.80000000000001,0.00010560000000000002
noaa_gfs,KRDU,2024-07-19T12:00:00Z,2024-07-20T19:00:00Z,31,301.07509765625,294.82086181640625,2.79734375,-0.65242431640625,100.0,2.0400000000000005e-05
noaa_gfs,KRDU,2024-07-19T12:00:00Z,2024-07-20T20:00:00Z,32,301.14951171875003,294.44174804687503,2.84745849609375,-1.54382568359375,100.0,0.00019040000000000005
noaa_gfs,KRDU,2024-07-19T12:00:00Z,2024-07-20T21:00:00Z,33,299.1294677734375,295.383447265625,1.679599609375,-2.0189721679687502,99.30000000000001,0.0
noaa_gfs,KRDU,2024-07-19T12:00:00Z,2024-07-20T22:00:00Z,34,297.799951171875,295.6059204101563,0.58430419921875,-1.92507080078125,79.2,0.0
noaa_gfs,KRDU,2024-07-19T12:00:00Z,2024-07-20T23:00:00Z,35,297.5948486328125,295.70592041015624,0.2197021484375,-1.53490966796875,98.5,0.00011600000000000003
noaa_gfs,KRDU,2024-07-19T12:00:00Z,2024-07-21T00:00:00Z,36,296.4940673828125,295.3948608398438,-0.2486474609375,-1.89261962890625,35.0,0.0
noaa_gfs,KRDU,2024-07-19T12:00:00Z,2024-07-21T01:00:00Z,37,295.20590820312503,294.6999877929688,-0.47457763671875003,-1.4809936523437501,100.0,0.0
noaa_gfs,KRDU,2024-07-19T12:00:00Z,2024-07-21T02:00:00Z,38,295.11181640625,294.6118408203125,-0.45422119140625,-1.659482421875,82.2,0.0
noaa_gfs,KRDU,2024-07-19T12:00:00Z,2024-07-21T03:00:00Z,39,294.6271484375,294.043603515625,-0.53813720703125,-1.1341455078125,99.4,0.0
noaa_gfs,KRDU,2024-07-19T12:00:00Z,2024-07-21T04:00:00Z,40,294.279931640625,293.84360351562503,-1.0207470703125001,-0.6385302734375,99.7,0.0
noaa_gfs,KRDU,2024-07-19T12:00:00Z,2024-07-21T05:00:00Z,41,294.184765625,293.536328125,-0.7789990234375,-0.51245849609375,94.5,0.0
noaa_gfs,KRDU,2024-07-19T12:00:00Z,2024-07-21T06:00:00Z,42,294.13876953125003,293.5242065429688,-0.30302734375,-0.93581787109375,100.0,0.0
noaa_gfs,KRDU,2024-07-19T12:00:00Z,2024-07-21T07:00:00Z,43,293.7968017578125,293.262939453125,-0.0167236328125,-0.5655395507812501,51.6,0.0
noaa_gfs,KRDU,2024-07-19T12:00:00Z,2024-07-21T08:00:00Z,44,293.64873046875,293.2510009765625,0.35329833984375003,-0.55416259765625,9.3,0.0
noaa_gfs,KRDU,2024-07-19T12:00:00Z,2024-07-21T09:00:00Z,45,293.627490234375,293.176513671875,0.55426025390625,-0.22314697265625,5.1000000000000005,0.0
noaa_gfs,KRDU,2024-07-19T12:00:00Z,2024-07-21T10:00:00Z,46,293.58173828125,293.17648925781253,0.3716796875,-0.5174853515625,5.0,0.0
noaa_gfs,KRDU,2024-07-19T12:00:00Z,2024-07-21T11:00:00Z,47,294.2156005859375,293.63890380859374,0.2569091796875,-0.55880859375,44.1,0.0
noaa_gfs,KRDU,2024-07-19T12:00:00Z,2024-07-21T12:00:00Z,48,295.6953857421875,294.24769287109376,0.318984375,-0.33240478515625,95.80000000000001,0.0
noaa_gfs,KRDU,2024-07-19T12:00:00Z,2024-07-21T13:00:00Z,49,297.6,294.6,0.58191650390625,-0.31564697265625,100.0,0.0
noaa_gfs,KRDU,2024-07-19T12:00:00Z,2024-07-21T14:00:00Z,50,300.120849609375,294.5162353515625,0.9179516601562501,0.1113818359375,100.0,0.0
noaa_gfs,KRDU,2024-07-19T12:00:00Z,2024-07-21T15:00:00Z,51,302.075732421875,293.6094482421875,1.45454345703125,-0.01829833984375,100.0,0.0
noaa_gfs,KRDU,2024-07-19T12:00:00Z,2024-07-21T16:00:00Z,52,303.6,293.2,1.50427734375,0.333173828125,91.4,8.000000000000002e-07
noaa_gfs,KRDU,2024-07-19T12:00:00Z,2024-07-21T17:00:00Z,53,305.014892578125,293.13865966796874,1.3637036132812501,0.6798828125,62.300000000000004,0.0
noaa_gfs,KRDU,2024-07-19T12:00:00Z,2024-07-21T18:00:00Z,54,305.4386474609375,292.6386352539063,1.5004443359375,0.8323193359375001,65.3,0.0
noaa_gfs,KRDU,2024-07-19T12:00:00Z,2024-07-21T19:00:00Z,55,305.7569091796875,292.61032714843753,1.82505615234375,0.0579296875,90.5,0.0
noaa_gfs,KRDU,2024-07-19T12:00:00Z,2024-07-21T20:00:00Z,56,304.588623046875,293.06134033203125,1.7866796875,0.08999755859375,100.0,2.7200000000000007e-05
noaa_gfs,KRDU,2024-07-19T12:00:00Z,2024-07-21T21:00:00Z,57,303.361328125,294.76806640625,0.47651611328125,1.19412109375,99.5,0.0
noaa_gfs,KRDU,2024-07-19T12:00:00Z,2024-07-21T22:00:00Z,58,302.70517578125003,295.1051513671875,-0.09827392578125001,1.77103759765625,98.5,0.0
noaa_gfs,KRDU,2024-07-19T12:00:00Z,2024-07-21T23:00:00Z,59,301.90646972656253,295.1068115234375,-0.24694580078125,1.5180810546875,100.0,0.0
noaa_gfs,KRDU,2024-07-19T12:00:00Z,2024-07-22T00:00:00Z,60,300.63168945312503,293.831689453125,-0.502314453125,1.6745751953125,99.2,0.0
noaa_gfs,KRDU,2024-07-19T12:00:00Z,2024-07-22T01:00:00Z,61,300.268310546875,293.5746337890625,-0.56068603515625,2.215751953125,49.6,0.0
noaa_gfs,KRDU,2024-07-19T12:00:00Z,2024-07-22T02:00:00Z,62,299.268310546875,293.8999877929688,-0.8274511718750001,2.55987060546875,97.4,7.120000000000001e-05
noaa_gfs,KRDU,2024-07-19T12:00:00Z,2024-07-22T03:00:00Z,63,299.8,294.6,0.91578125,2.85091796875,94.9,0.00015960000000000003
noaa_gfs,KRDU,2024-07-19T12:00:00Z,2024-07-22T04:00:00Z,64,298.8718994140625,294.8,1.3338232421875,2.18664306640625,99.2,0.0
noaa_gfs,KRDU,2024-07-19T12:00:00Z,2024-07-22T05:00:00Z,65,297.119189453125,294.90000000000003,1.45193603515625,1.91298095703125,100.0,0.0
noaa_gfs,KRDU,2024-07-19T12:00:00Z,2024-07-22T06:00:00Z,66,295.97189941406253,294.7718994140625,1.86157470703125,1.65351318359375,100.0,0.00037520000000000007
noaa_gfs,KRDU,2024-07-19T12:00:00Z,2024-07-22T07:00:00Z,67,295.47189941406253,294.6719116210938,1.03205078125,1.8015771484375,98.10000000000001,0.0003248000000000001
noaa_gfs,KRDU,2024-07-19T12:00:00Z,2024-07-22T08:00:00Z,68,295.4136474609375,294.568310546875,1.497822265625,1.0834619140625,100.0,0.0
noaa_gfs,KRDU,2024-07-19T12:00:00Z,2024-07-22T09:00:00Z,69,295.5082275390625,294.4901977539063,1.9883178710937501,1.60595458984375,99.80000000000001,8.000000000000002e-07
noaa_gfs,KRDU,2024-07-19T12:00:00Z,2024-07-22T10:00:00Z,70,295.6208740234375,294.62086181640626,2.8770751953125,1.7603613281250001,100.0,6.480000000000002e-05
noaa_gfs,KRDU,2024-07-19T12:00:00Z,2024-07-22T11:00:00Z,71,295.479150390625,294.7791381835938,1.8106982421875,0.22136962890625,100.0,0.0
noaa_gfs,KRDU,2024-07-19T12:00:00Z,2024-07-22T12:00:00Z,72,295.96384277343753,295.1,1.33617431640625,0.891552734375,100.0,5.280000000000001e-05
noaa_gfs,KRDU,2024-07-19T12:00:00Z,2024-07-22T13:00:00Z,73,295.86806640625,295.0055419921875,0.26185791015625,1.433369140625,100.0,0.0
noaa_gfs,KRDU,2024-07-19T12:00:00Z,2024-07-22T14:00:00Z,74,296.066650390625,294.98704833984374,0.25163818359375,1.7412377929687501,100.0,4.8000000000000015e-06
noaa_gfs,KRDU,2024-07-19T12:00:00Z,2024-07-22T15:00:00Z,75,296.61606445312503,295.154296875,0.35234375,1.50864013671875,100.0,0.00012640000000000004
noaa_gfs,KRDU,2024-07-19T12:00:00Z,2024-07-22T16:00:00Z,76,297.166064453125,295.1189331054688,0.23153564453125,2.03320068359375,100.0,0.0
noaa_gfs,KRDU,2024-07-19T12:00:00Z,2024-07-22T17:00:00Z,77,300.62451171875,293.67470703125,0.72595458984375,2.70231689453125,100.0,0.0
noaa_gfs,KRDU,2024-07-19T12:00:00Z,2024-07-22T18:00:00Z,78,303.26511230468753,293.0355224609375,2.0725415039062502,2.75689697265625,100.0,0.0
noaa_gfs,KRDU,2024-07-19T12:00:00Z,2024-07-22T19:00:00Z,79,304.527880859375,292.5355224609375,2.34833251953125,2.6777783203125,100.0,0.0
noaa_gfs,KRDU,2024-07-19T12:00:00Z,2024-07-22T20:00:00Z,80,304.9651123046875,292.43552246093753,2.87843505859375,2.79724365234375,100.0,0.0
noaa_gfs,KRDU,2024-07-19T12:00:00Z,2024-07-22T21:00:00Z,81,304.68818359375,292.8,2.566259765625,3.10514404296875,99.80000000000001,0.0
noaa_gfs,KRDU,2024-07-19T12:00:00Z,2024-07-22T22:00:00Z,82,304.15888671875,293.3327270507813,1.7448291015625,3.56511962890625,40.1,0.0
noaa_gfs,KRDU,2024-07-19T12:00:00Z,2024-07-22T23:00:00Z,83,302.75339355468753,294.33271484375,0.7988623046875,3.31929443359375,99.7,0.0
noaa_gfs,KRDU,2024-07-19T12:00:00Z,2024-07-23T00:00:00Z,84,300.8613525390625,294.4806762695313,-0.38103759765625,3.2041845703125,100.0,0.0
noaa_gfs,KRDU,2024-07-19T12:00:00Z,2024-07-23T01:00:00Z,85,299.21884765625003,295.16135253906253,-0.1321044921875,3.26084716796875,99.5,3.080000000000001e-05
noaa_gfs,KRDU,2024-07-19T12:00:00Z,2024-07-23T02:00:00Z,86,298.5291015625,295.2354370117188,-0.29404296875,2.14614013671875,98.2,0.00024280000000000005
noaa_gfs,KRDU,2024-07-19T12:00:00Z,2024-07-23T03:00:00Z,87,297.33090820312503,295.9654541015625,-0.2114111328125,2.48818359375,82.80000000000001,5.040000000000001e-05
noaa_gfs,KRDU,2024-07-19T12:00:00Z,2024-07-23T04:00:00Z,88,297.1363525390625,296.00180664062503,0.5108837890625,2.891728515625,77.7,0.00020000000000000004
noaa_gfs,KRDU,2024-07-19T12:00:00Z,2024-07-23T05:00:00Z,89,297.0101806640625,295.9461181640625,1.32653076171875,3.0385644531250002,56.0,3.920000000000001e-05
noaa_gfs,KRDU,2024-07-19T12:00:00Z,2024-07-23T06:00:00Z,90,296.7976806640625,295.7785888671875,1.32076904296875,2.42231689453125,100.0,0.0
noaa_gfs,KRDU,2024-07-19T12:00:00Z,2024-07-23T07:00:00Z,91,296.962890625,295.864697265625,1.42396240234375,1.73549560546875,100.0,0.0
noaa_gfs,KRDU,2024-07-19T12:00:00Z,2024-07-23T08:00:00Z,92,296.32958984375,295.4317626953125,1.3732568359375,1.5986962890625,99.80000000000001,0.0
noaa_gfs,KRDU,2024-07-19T12:00:00Z,2024-07-23T09:00:00Z,93,296.0000732421875,294.9092041015625,1.4942895507812501,1.6705615234375,100.0,0.0
noaa_gfs,KRDU,2024-07-19T12:00:00Z,2024-07-23T10:00:00Z,94,296.04931640625,294.6126953125,1.5237255859375,1.52880126953125,100.0,0.0
noaa_gfs,KRDU,2024-07-19T12:00:00Z,2024-07-23T11:00:00Z,95,296.14267578125003,294.4696899414063,1.56084228515625,1.6961865234375,100.0,0.0
noaa_gfs,KRDU,2024-07-19T12:00:00Z,2024-07-23T12:00:00Z,96,295.998193359375,294.0801513671875,1.5912329101562501,1.14150146484375,100.0,0.0
noaa_gfs,KRDU,2024-07-19T12:00:00Z,2024-07-23T13:00:00Z,97,297.0710693359375,294.2689697265625,1.31346923828125,0.8846533203125,94.0,0.0
noaa_gfs,KRDU,2024-07-19T12:00:00Z,2024-07-23T14:00:00Z,98,300.425,293.55454101562503,2.37025634765625,1.07545166015625,50.6,0.0
noaa_gfs,KRDU,2024-07-19T12:00:00Z,2024-07-23T15:00:00Z,99,303.1583740234375,293.34588623046875,2.44662353515625,2.3755029296875,11.700000000000001,0.0
noaa_gfs,KRDU,2024-07-19T12:00:00Z,2024-07-23T16:00:00Z,100,305.1883544921875,293.217919921875,2.017783203125,2.9473168945312502,5.300000000000001,0.0
noaa_gfs,KRDU,2024-07-19T12:00:00Z,2024-07-23T17:00:00Z,101,306.87421875,293.105908203125,2.40240966796875,3.34241455078125,20.6,0.0
noaa_gfs,KRDU,2024-07-19T12:00:00Z,2024-07-23T18:00:00Z,102,308.0728271484375,292.8591796875,2.58923095703125,3.83663330078125,99.4,1.9200000000000006e-05
noaa_gfs,KRDU,2024-07-19T12:00:00Z,2024-07-23T19:00:00Z,103,305.1045166015625,293.2352783203125,2.342392578125,3.25326171875,96.7,0.0
noaa_gfs,KRDU,2024-07-19T12:00:00Z,2024-07-23T20:00:00Z,104,305.86789550781253,292.9312744140625,2.60839111328125,4.46371826171875,47.300000000000004,0.0
noaa_gfs,KRDU,2024-07-19T12:00:00Z,2024-07-23T21:00:00Z,105,306.980517578125,293.001611328125,2.7703662109375,5.081533203125,81.9,0.0
noaa_gfs,KRDU,2024-07-19T12:00:00Z,2024-07-23T22:00:00Z,106,306.5853759765625,293.6,2.9315380859375,4.02829345703125,76.7,0.0
noaa_gfs,KRDU,2024-07-19T12:00:00Z,2024-07-23T23:00:00Z,107,304.5,293.7,4.0400830078125,1.9781201171875,88.10000000000001,0.0
noaa_gfs,KRDU,2024-07-19T12:00:00Z,2024-07-24T00:00:00Z,108,302.8,293.5,1.21908203125,2.99408447265625,100.0,0.0
noaa_gfs,KRDU,2024-07-19T12:00:00Z,2024-07-24T01:00:00Z,109,301.59018554687503,294.69017333984374,0.186591796875,4.7964306640625,5.0,0.0
noaa_gfs,KRDU,2024-07-19T12:00:00Z,2024-07-24T02:00:00Z,110,300.0755859375,295.13170166015624,0.438544921875,4.5407080078125,4.0,1.6000000000000004e-06
noaa_gfs,KRDU,2024-07-19T12:00:00Z,2024-07-24T03:00:00Z,111,299.5389404296875,295.13168945312503,1.221123046875,4.26115966796875,0.5,0.0
noaa_gfs,KRDU,2024-07-19T12:00:00Z,2024-07-24T04:00:00Z,112,299.16354980468753,295.45283203125,1.35615478515625,4.2803857421875,0.0,0.0
noaa_gfs,KRDU,2024-07-19T12:00:00Z,2024-07-24T05:00:00Z,113,299.06337890625,295.23167724609374,1.74810791015625,4.12946533203125,0.2,0.0
noaa_gfs,KRDU,2024-07-19T12:00:00Z,2024-07-24T06:00:00Z,114,298.52939453125003,295.220361328125,2.1247021484375,3.36383056640625,5.0,0.0
noaa_gfs,KRDU,2024-07-19T12:00:00Z,2024-07-24T07:00:00Z,115,298.1065673828125,295.2000244140625,2.0682177734375,3.2163403320312502,5.0,1.6000000000000004e-06
noaa_gfs,KRDU,2024-07-19T12:00:00Z,2024-07-24T08:00:00Z,116,297.72841796875,295.31468505859374,2.4816796875000002,2.988896484375,1.4000000000000001,0.0
noaa_gfs,KRDU,2024-07-19T12:00:00Z,2024-07-24T09:00:00Z,117,297.21469726562503,295.314697265625,1.65275390625,3.230537109375,5.0,0.0
noaa_gfs,KRDU,2024-07-19T12:00:00Z,2024-07-24T10:00:00Z,118,297.014697265625,295.5,1.6914111328125,2.9523583984375,5.0,0.0
noaa_gfs,KRDU,2024-07-19T12:00:00Z,2024-07-24T11:00:00Z,119,297.215771484375,295.7,1.36611328125,2.81833984375,7.800000000000001,1.6000000000000004e-06
noaa_gfs,KRDU,2024-07-19T12:00:00Z,2024-07-24T12:00:00Z,120,298.8987060546875,295.79998779296875,1.9705712890625,3.52901611328125,63.0,0.0
noaa_gfs,KRDU,2024-07-19T12:00:00Z,2024-07-24T15:00:00Z,123,303.2740478515625,295.60129394531253,3.21025390625,2.1840673828125,46.7,0.0
noaa_gfs,KRDU,2024-07-19T12:00:00Z,2024-07-24T18:00:00Z,126,308.85795898437505,293.0,3.4201367187500002,2.1448681640625002,72.8,0.0
noaa_gfs,KRDU,2024-07-19T12:00:00Z,2024-07-24T21:00:00Z,129,303.9906494140625,293.7,1.11975830078125,1.03724365234375,98.10000000000001,0.0
noaa_gfs,KRDU,2024-07-19T12:00:00Z,2024-07-25T00:00:00Z,132,298.088037109375,296.4929443359375,2.6390185546875,4.5478515625,99.4,0.0031512000000000007
noaa_gfs,KRDU,2024-07-19T12:00:00Z,2024-07-25T03:00:00Z,135,296.2,295.49998779296874,-2.2990429687500002,-1.0457714843750001,100.0,0.0
noaa_gfs,KRDU,2024-07-19T12:00:00Z,2024-07-25T06:00:00Z,138,296.443798828125,295.90000000000003,0.6793603515625,1.86421875,100.0,0.0
noaa_gfs,KRDU,2024-07-19T12:00:00Z,2024-07-25T09:00:00Z,141,295.8,295.49997558593753,0.47237792968750003,1.3094384765625,100.0,0.0004280000000000001
noaa_gfs,KRDU,2024-07-19T12:00:00Z,2024-07-25T12:00:00Z,144,296.20249023437503,295.8,1.0482128906250001,2.8192724609375,100.0,1.2000000000000004e-06
noaa_gfs,KRDU,2024-07-19T12:00:00Z,2024-07-25T15:00:00Z,147,297.8566162109375,296.35548095703126,1.4341992187500001,2.36482421875,71.2,1.6000000000000004e-06
noaa_gfs,KRDU,2024-07-19T12:00:00Z,2024-07-25T18:00:00Z,150,301.47913818359376,297.40000000000003,2.5135791015625,3.0836083984375002,97.4,0.00038160000000000006
noaa_gfs,KRDU,2024-07-19T12:00:00Z,2024-07-25T21:00:00Z,153,298.40000000000003,296.99998779296874,1.64765625,2.00034423828125,43.2,0.0003960000000000001
noaa_gfs,KRDU,2024-07-19T12:00:00Z,2024-07-26T00:00:00Z,156,296.98218994140626,296.3672607421875,1.147548828125,1.412021484375,100.0,9.280000000000002e-05
noaa_gfs,KRDU,2024-07-19T12:00:00Z,2024-07-26T03:00:00Z,159,296.5679931640625,295.8,1.3560546875000001,1.47672607421875,100.0,2.3200000000000005e-05
noaa_gfs,KRDU,2024-07-19T12:00:00Z,2024-07-26T06:00:00Z,162,296.157861328125,295.3778076171875,1.6932128906250001,1.2724609375,100.0,1.6000000000000003e-05
noaa_gfs,KRDU,2024-07-19T12:00:00Z,2024-07-26T09:00:00Z,165,295.2764892578125,294.9255004882813,1.64693603515625,0.9828881835937501,96.10000000000001,0.0
noaa_gfs,KRDU,2024-07-19T12:00:00Z,2024-07-26T12:00:00Z,168,296.412109375,295.50001220703126,1.9251318359375,1.51989501953125,99.7,0.0
noaa_gfs,KRDU,2024-07-19T12:00:00Z,2024-07-26T15:00:00Z,171,301.65695800781253,295.3806640625,2.5742626953125,1.93945556640625,100.0,0.0
noaa_gfs,KRDU,2024-07-19T12:00:00Z,2024-07-26T18:00:00Z,174,302.63427734375,296.8,2.6247119140625,2.01459716796875,91.0,0.00036800000000000005
noaa_gfs,KRDU,2024-07-19T12:00:00Z,2024-07-26T21:00:00Z,177,301.393115234375,296.5,1.9385888671875,3.122421875,97.7,0.00023280000000000005
noaa_gfs,KRDU,2024-07-19T12:00:00Z,2024-07-27T00:00:00Z,180,298.55490722656253,296.0109497070313,0.15934326171875,2.46377197265625,100.0,0.0
noaa_gfs,KRDU,2024-07-19T12:00:00Z,2024-07-27T03:00:00Z,183,296.697412109375,295.7,1.03672607421875,2.098828125,5.1000000000000005,0.0
noaa_gfs,KRDU,2024-07-19T12:00:00Z,2024-07-27T06:00:00Z,186,296.1323486328125,295.2289672851563,1.1031250000000001,1.5051708984375,5.0,0.0
noaa_gfs,KRDU,2024-07-19T12:00:00Z,2024-07-27T09:00:00Z,189,295.6,294.8425537109375,0.8688818359375,1.74218994140625,16.6,0.0
noaa_gfs,KRDU,2024-07-19T12:00:00Z,2024-07-27T12:00:00Z,192,297.64255371093753,295.28082275390625,1.9289111328125002,1.217216796875,98.0,0.0
noaa_gfs,KRDU,2024-07-19T12:00:00Z,2024-07-27T15:00:00Z,195,303.7,294.662646484375,2.4342358398437502,0.81924072265625,47.6,0.0
noaa_gfs,KRDU,2024-07-19T12:00:00Z,2024-07-27T18:00:00Z,198,306.8,294.1,4.1652490234375,0.73649658203125,98.2,0.0
noaa_gfs,KRDU,2024-07-19T12:00:00Z,2024-07-27T21:00:00Z,201,307.1278076171875,292.7,1.7819580078125001,0.4507470703125,5.1000000000000005,0.0
noaa_gfs,KRDU,2024-07-19T12:00:00Z,2024-07-28T00:00:00Z,204,301.8857421875,295.1267456054688,0.73932373046875,2.1960571289062503,43.5,0.0
noaa_gfs,KRDU,2024-07-19T12:00:00Z,2024-07-28T03:00:00Z,207,297.9431884765625,295.80128173828126,1.26380126953125,0.5832397460937501,5.0,0.0
noaa_gfs,KRDU,2024-07-19T12:00:00Z,2024-07-28T06:00:00Z,210,296.912890625,294.837841796875,1.136552734375,0.41970703125000003,23.8,0.0
noaa_gfs,KRDU,2024-07-19T12:00:00Z,2024-07-28T09:00:00Z,213,296.51938476562503,295.4291137695313,1.658818359375,0.8975146484375001,5.0,0.0
noaa_gfs,KRDU,2024-07-19T12:00:00Z,2024-07-28T12:00:00Z,216,298.2664794921875,295.86646728515626,1.8720556640625001,-0.010947265625,100.0,0.0
noaa_gfs,KRDU,2024-07-19T12:00:00Z,2024-07-28T15:00:00Z,219,305.2056884765625,294.6085205078125,1.31611328125,-1.0611083984375,100.0,0.0
noaa_gfs,KRDU,2024-07-19T12:00:00Z,2024-07-28T18:00:00Z,222,309.81103515625,293.41103515625,1.14654296875,0.48185302734375,19.400000000000002,0.0
noaa_gfs,KRDU,2024-07-19T12:00:00Z,2024-07-28T21:00:00Z,225,305.2831298828125,294.1584716796875,1.0607275390625,0.04025390625,0.30000000000000004,0.0
noaa_gfs,KRDU,2024-07-19T12:00:00Z,2024-07-29T00:00:00Z,228,300.80234375000003,294.70234375,1.86751708984375,2.7888818359375,2.6,0.0
noaa_gfs,KRDU,2024-07-19T12:00:00Z,2024-07-29T03:00:00Z,231,299.1016845703125,293.9874633789063,1.86554443359375,1.980537109375,89.30000000000001,0.0
noaa_gfs,KRDU,2024-07-19T12:00:00Z,2024-07-29T06:00:00Z,234,298.3875244140625,294.7574462890625,1.9024072265625,0.0558154296875,5.0,0.0
noaa_gfs,KRDU,2024-07-19T12:00:00Z,2024-07-29T09:00:00Z,237,297.519775390625,294.16148681640624,1.8134326171875,1.27029296875,99.9,0.0
noaa_gfs,KRDU,2024-07-19T12:00:00Z,2024-07-29T12:00:00Z,240,299.5341064453125,293.78745117187503,1.7291625976562501,0.4290771484375,88.2,0.0
noaa_gfs,KRDU,2024-07-19T12:00:00Z,2024-07-29T15:00:00Z,243,305.90000000000003,293.2,2.05586181640625,0.8664208984375,16.6,0.0
noaa_gfs,KRDU,2024-07-19T12:00:00Z,2024-07-29T18:00:00Z,246,309.70234375,292.609375,2.1769580078125,1.26562744140625,100.0,0.0
noaa_gfs,KRDU,2024-07-19T12:00:00Z,2024-07-29T21:00:00Z,249,308.10422363281253,293.39647216796874,2.68152099609375,1.5182568359375,80.5,0.0
noaa_gfs,KRDU,2024-07-19T12:00:00Z,2024-07-30T00:00:00Z,252,303.00974121093753,295.67913818359375,1.08832763671875,1.79784912109375,18.5,4.000000000000001e-07
noaa_gfs,KRDU,2024-07-19T12:00:00Z,2024-07-30T03:00:00Z,255,297.7386474609375,296.7193115234375,-0.6501025390625,3.2391894531250003,100.0,0.00018320000000000003
noaa_gfs,KRDU,2024-07-19T12:00:00Z,2024-07-30T06:00:00Z,258,297.050732421875,296.3843017578125,-0.381824951171875,2.67191162109375,100.0,0.0
noaa_gfs,KRDU,2024-07-19T12:00:00Z,2024-07-30T09:00:00Z,261,296.838916015625,295.9207397460938,1.61258056640625,1.31550537109375,99.4,0.0
noaa_gfs,KRDU,2024-07-19T12:00:00Z,2024-07-30T12:00:00Z,264,298.80002441406253,295.5,2.2253125000000002,0.44331787109375,99.5,0.0
noaa_gfs,KRDU,2024-07-19T12:00:00Z,2024-07-30T15:00:00Z,267,306.04770507812503,293.447705078125,1.9252587890625001,-0.11704833984375,5.0,0.0
noaa_gfs,KRDU,2024-07-19T12:00:00Z,2024-07-30T18:00:00Z,270,310.44768066406255,292.58957519531253,1.810582275390625,-0.027939453125,27.1,0.0
noaa_gfs,KRDU,2024-07-19T12:00:00Z,2024-07-30T21:00:00Z,273,309.9348388671875,292.1,1.969237060546875,1.103662109375,57.2,8.000000000000002e-07
noaa_gfs,KRDU,2024-07-19T12:00:00Z,2024-07-31T00:00:00Z,276,298.82451171875,295.90001220703124,-2.027001953125,-0.18234619140625,100.0,5.040000000000001e-05
noaa_gfs,KRDU,2024-07-19T12:00:00Z,2024-07-31T03:00:00Z,279,298.2,295.7999755859375,0.89787353515625,2.23273193359375,74.60000000000001,0.0
noaa_gfs,KRDU,2024-07-19T12:00:00Z,2024-07-31T06:00:00Z,282,298.60601806640625,295.90000000000003,1.1680151367187501,-0.40265380859375,100.0,0.0
noaa_gfs,KRDU,2024-07-19T12:00:00Z,2024-07-31T09:00:00Z,285,296.90001220703124,294.6999877929688,1.8043310546875,0.99368896484375,100.0,0.0
noaa_gfs,KRDU,2024-07-19T12:00:00Z,2024-07-31T12:00:00Z,288,298.66337890625,294.73166503906253,1.5022900390625,0.42815673828125,5.0,0.0
noaa_gfs,KRDU,2024-07-19T12:00:00Z,2024-07-31T15:00:00Z,291,306.1719482421875,293.99998779296874,1.75302001953125,1.249443359375,0.0,0.0
noaa_gfs,KRDU,2024-07-19T12:00:00Z,2024-07-31T18:00:00Z,294,310.2881591796875,292.4455078125,2.56869384765625,1.09083984375,39.300000000000004,0.0
noaa_gfs,KRDU,2024-07-19T12:00:00Z,2024-07-31T21:00:00Z,297,310.97315673828126,290.5182739257813,3.18574462890625,-0.72480712890625,79.4,0.0
noaa_gfs,KRDU,2024-07-19T12:00:00Z,2024-08-01T00:00:00Z,300,304.4280517578125,293.3,0.55744384765625,2.28544677734375,5.0,0.0
noaa_gfs,KRDU,2024-07-19T12:00:00Z,2024-08-01T03:00:00Z,303,300.0570434570313,295.897705078125,1.2643994140625001,4.4683349609375,100.0,0.0
noaa_gfs,KRDU,2024-07-19T12:00:00Z,2024-08-01T06:00:00Z,306,298.95484619140626,294.6951171875,2.16979736328125,1.82805419921875,92.10000000000001,0.0
noaa_gfs,KRDU,2024-07-19T12:00:00Z,2024-08-01T09:00:00Z,309,297.6000122070313,294.0,1.26698974609375,2.01465576171875,5.2,0.0
noaa_gfs,KRDU,2024-07-19T12:00:00Z,2024-08-01T12:00:00Z,312,299.54550781250003,294.8999755859375,2.09114990234375,1.56272705078125,4.9,0.0
noaa_gfs,KRDU,2024-07-19T12:00:00Z,2024-08-01T15:00:00Z,315,306.923486328125,294.7999755859375,2.35534423828125,1.989970703125,0.0,0.0
noaa_gfs,KRDU,2024-07-19T12:00:00Z,2024-08-01T18:00:00Z,318,311.09169921875,293.05849609375,2.26596435546875,2.55388671875,5.0,0.0
noaa_gfs,KRDU,2024-07-19T12:00:00Z,2024-08-01T21:00:00Z,321,312.15683593750003,291.2999755859375,2.8536572265625,2.24017822265625,6.5,0.0
noaa_gfs,KRDU,2024-07-19T12:00:00Z,2024-08-02T00:00:00Z,324,305.5973388671875,294.7,2.3512890625000002,4.41522705078125,5.2,0.0
noaa_gfs,KRDU,2024-07-19T12:00:00Z,2024-08-02T03:00:00Z,327,302.39670410156253,295.0377197265625,2.1691406250000003,3.10607666015625,0.0,0.0
noaa_gfs,KRDU,2024-07-19T12:00:00Z,2024-08-02T06:00:00Z,330,300.9012939453125,295.0012939453125,1.819775390625,2.36483642578125,4.5,0.0
noaa_gfs,KRDU,2024-07-19T12:00:00Z,2024-08-02T09:00:00Z,333,299.512109375,294.6,2.23061767578125,2.22193359375,0.9,0.0
noaa_gfs,KRDU,2024-07-19T12:00:00Z,2024-08-02T12:00:00Z,336,299.1,296.09998779296876,2.38947265625,0.92396240234375,0.1,0.0
noaa_gfs,KRDU,2024-07-19T12:00:00Z,2024-08-02T15:00:00Z,339,307.13341064453124,295.0193237304688,2.31216796875,-0.3446142578125,1.5,0.0
noaa_gfs,KRDU,2024-07-19T12:00:00Z,2024-08-02T18:00:00Z,342,311.8520751953125,293.2923950195313,1.9616162109375,1.40147216796875,99.60000000000001,0.0
noaa_gfs,KRDU,2024-07-19T12:00:00Z,2024-08-02T21:00:00Z,345,310.26728515625,293.6,3.2172265625,2.312880859375,100.0,0.0
noaa_gfs,KRDU,2024-07-19T12:00:00Z,2024-08-03T00:00:00Z,348,304.90000000000003,295.0538696289063,0.6348388671875,2.0452490234375,100.0,0.0
noaa_gfs,KRDU,2024-07-19T12:00:00Z,2024-08-03T03:00:00Z,351,303.201806640625,294.49998779296874,0.98171875,-1.07616943359375,19.0,0.0
