ds,timestamp_local,linear_c,linear_gfs_c,linear_gfs_lower_c,linear_gfs_upper_c,raw_gfs_c
2026-09-17 04:00:00,2026-09-17 00:00:00-04:00,21.363648901126687,20.621205213653987,13.946889804876333,27.29552062243164,21.229150390625023
2026-09-17 05:00:00,2026-09-17 01:00:00-04:00,21.072206619673608,19.640495194520184,12.966179785742531,26.314810603297836,20.296118164062534
2026-09-17 06:00:00,2026-09-17 02:00:00-04:00,20.68274511095824,18.895595035933773,12.22127962715612,25.569910444711425,19.673022460937545
2026-09-17 07:00:00,2026-09-17 03:00:00-04:00,20.208976602070628,18.33970554137251,11.665390132594856,25.01402095015016,19.234545898437545
2026-09-17 08:00:00,2026-09-17 04:00:00-04:00,19.788120648360294,17.89676032943627,11.222444920658615,24.57107573821392,18.800781250000057
2026-09-17 09:00:00,2026-09-17 05:00:00-04:00,19.62486740694402,17.690147971264956,11.015832562487303,24.364463380042608,18.467626953125034
2026-09-17 10:00:00,2026-09-17 06:00:00-04:00,19.90123179839896,17.68822685571458,11.013911446936925,24.362542264492234,18.14765625000001
2026-09-17 11:00:00,2026-09-17 07:00:00-04:00,20.695380271351567,17.974315400723206,11.299999991945553,24.648630809500858,17.95234375000001
2026-09-17 12:00:00,2026-09-17 08:00:00-04:00,21.946372658543353,19.959548284416183,13.28523287563853,26.633863693193838,19.85078125000001
2026-09-17 13:00:00,2026-09-17 09:00:00-04:00,23.477082411641387,22.841512333708902,16.167196924931247,29.515827742486557,22.847656250000057
2026-09-17 14:00:00,2026-09-17 10:00:00-04:00,25.058323192438216,25.63410445084012,18.959789042062468,32.30841985961777,25.720825195312557
2026-09-17 15:00:00,2026-09-17 11:00:00-04:00,26.479341248380972,27.963397863920335,21.289082455142683,34.63771327269799,28.083837890625034
2026-09-17 16:00:00,2026-09-17 12:00:00-04:00,27.59218146908632,29.79477251995233,23.120457111174673,36.469087928729984,29.992553710937557
2026-09-17 17:00:00,2026-09-17 13:00:00-04:00,28.317022750381142,31.26138745937152,24.587072050593868,37.93570286814917,31.692541503906284
2026-09-17 18:00:00,2026-09-17 14:00:00-04:00,28.61977131558216,32.04571650772934,25.371401098951686,38.72003191650699,32.76196289062506
2026-09-17 19:00:00,2026-09-17 15:00:00-04:00,28.487421164347715,32.365828408479054,25.691512999701402,39.040143817256705,33.461950683593784
2026-09-17 20:00:00,2026-09-17 16:00:00-04:00,27.92306882186418,32.17230538047319,25.49798997169554,38.84662078925084,33.64998779296877
2026-09-17 21:00:00,2026-09-17 17:00:00-04:00,26.964335372056503,31.477118286111036,24.802802877333384,38.15143369488869,33.25000000000006
2026-09-17 22:00:00,2026-09-17 18:00:00-04:00,25.708565998559976,30.10491123222178,23.43059582344413,36.77922664099943,31.933020019531284
2026-09-17 23:00:00,2026-09-17 19:00:00-04:00,24.319128388759143,27.117495984025425,20.443180575247773,33.791811392803076,28.342065429687523
2026-09-18 00:00:00,2026-09-17 20:00:00-04:00,22.995931027968563,25.62782177913498,18.953506370357324,32.302137187912635,26.835119628906284
2026-09-18 01:00:00,2026-09-17 21:00:00-04:00,21.915245995651063,24.451494803956315,17.777179395178663,31.125810212733967,25.591699218750023
2026-09-18 02:00:00,2026-09-17 22:00:00-04:00,21.165792150738632,23.73259394102255,17.0582785322449,30.406909349800202,24.943237304687557
2026-09-18 03:00:00,2026-09-17 23:00:00-04:00,20.715863878691298,22.816268896510486,16.141953487732835,29.490584305288138,24.023925781250057
2026-09-18 04:00:00,2026-09-18 00:00:00-04:00,20.433917628497664,22.15495365512345,15.480638246345796,28.8292690639011,23.485253906250023
2026-09-18 05:00:00,2026-09-18 01:00:00-04:00,20.158117110031377,21.3743331296797,14.700017720902048,28.048648538457357,22.807958984375034
2026-09-18 06:00:00,2026-09-18 02:00:00-04:00,19.783484591511275,20.930556781872706,14.256241373095053,27.60487219065036,22.589379882812523
2026-09-18 07:00:00,2026-09-18 03:00:00-04:00,19.323800897930166,20.21962293831188,13.545307529534226,26.89393834708953,21.927294921875045
2026-09-18 08:00:00,2026-09-18 04:00:00-04:00,18.916382831256588,19.79946356743119,13.125148158653536,26.47377897620884,21.516894531250045
2026-09-18 09:00:00,2026-09-18 05:00:00-04:00,18.76604029102529,19.71635721089851,13.042041802120858,26.390672619676167,21.350000000000023
2026-09-18 10:00:00,2026-09-18 06:00:00-04:00,19.054922723746945,20.019460763120776,13.345145354343122,26.693776171898428,21.450000000000045
2026-09-18 11:00:00,2026-09-18 07:00:00-04:00,19.86133714179891,20.58992976507207,13.915614356294418,27.264245173849723,21.650000000000034
2026-09-18 12:00:00,2026-09-18 08:00:00-04:00,21.124480797887806,22.108533780005576,15.434218371227923,28.78284918878323,22.950000000000045
2026-09-18 13:00:00,2026-09-18 09:00:00-04:00,22.66735243061013,23.071748502114456,16.3974330933368,29.74606391089211,23.345117187500023
2026-09-18 14:00:00,2026-09-18 10:00:00-04:00,24.260870674786624,24.98491907687278,18.310603668095126,31.659234485650437,25.062609863281295
2026-09-18 15:00:00,2026-09-18 11:00:00-04:00,25.694359626108632,28.92930954788822,22.254994139110565,35.603624956665875,29.750000000000057
2026-09-18 16:00:00,2026-09-18 12:00:00-04:00,26.81990992538128,31.373016411566418,24.698701002788766,38.04733182034407,32.56945800781256
2026-09-18 17:00:00,2026-09-18 13:00:00-04:00,27.557711332329816,32.70009198160065,26.025776572823,39.3744073903783,34.12072753906256
2026-09-18 18:00:00,2026-09-18 14:00:00-04:00,27.87364563320323,32.95810406096285,26.2837886521852,39.632419469740505,34.48078613281257
2026-09-18 19:00:00,2026-09-18 15:00:00-04:00,27.754649084580382,32.439704090903476,25.765388682125824,39.11401949968113,34.02075195312506
2026-09-18 20:00:00,2026-09-18 16:00:00-04:00,27.203731433325682,30.944938798548712,24.27062338977106,37.619254207326364,32.380773925781284
2026-09-18 21:00:00,2026-09-18 17:00:00-04:00,26.2584042075293,29.081359271819387,22.407043863041736,35.75567468059704,30.320727539062545
2026-09-18 22:00:00,2026-09-18 18:00:00-04:00,25.015888076823092,27.485446090067025,20.81113068128937,34.15976149884468,28.650000000000034
2026-09-18 23:00:00,2026-09-18 19:00:00-04:00,23.639420104462683,26.068257960223423,19.393942551445768,32.74257336900108,27.180786132812557
2026-09-19 00:00:00,2026-09-18 20:00:00-04:00,22.32878131409762,24.89302624805469,18.218710839277037,31.56734165683234,26.07825927734376
2026-09-19 01:00:00,2026-09-18 21:00:00-04:00,21.26012854899837,24.36535485224237,17.691039443464717,31.03967026102002,25.720239257812523
2026-09-19 02:00:00,2026-09-18 22:00:00-04:00,20.52208589008089,23.465061922783743,16.790746514006088,30.1393773315614,24.797509765625023
2026-09-19 03:00:00,2026-09-18 23:00:00-04:00,20.08288024056617,22.699560754371543,16.025245345593888,29.3738761631492,24.067895507812523
2026-09-19 04:00:00,2026-09-19 00:00:00-04:00,19.81093283536297,22.07572885835289,15.401413449575236,28.75004426713054,23.568298339843807
2026-09-19 05:00:00,2026-09-19 01:00:00-04:00,19.544407202485758,21.21905346424543,14.544738055467777,27.893368873023086,22.764916992187523
2026-09-19 06:00:00,2026-09-19 02:00:00-04:00,19.178360823846955,20.629030468701384,13.95471505992373,27.30334587747904,22.332141113281295
2026-09-19 07:00:00,2026-09-19 03:00:00-04:00,18.726643067971363,20.1075278740725,13.433212465294845,26.781843282850154,21.922363281250057
2026-09-19 08:00:00,2026-09-19 04:00:00-04:00,18.326668253392,19.77616492925792,13.101849520480267,26.450480338035575,21.627832031250023
2026-09-19 09:00:00,2026-09-19 05:00:00-04:00,18.183366416369072,19.591242962973297,12.916927554195643,26.26555837175095,21.311083984375045
2026-09-19 10:00:00,2026-09-19 06:00:00-04:00,18.47902184349121,19.746617359189752,13.072301950412099,26.420932767967408,21.202307128906284
2026-09-19 11:00:00,2026-09-19 07:00:00-04:00,19.292082149664495,19.893918648795058,13.219603240017404,26.56823405757271,20.801147460937557
2026-09-19 12:00:00,2026-09-19 08:00:00-04:00,20.561881598335212,21.009198679861807,14.334883271084154,27.683514088639463,21.556481933593716
2026-09-19 13:00:00,2026-09-19 09:00:00-04:00,22.111543219424895,22.80601877582233,16.13170336704468,29.480334184599982,23.157470703125057
2026-09-19 14:00:00,2026-09-19 10:00:00-04:00,23.712088944028736,24.719417114388822,18.045101705611167,31.393732523166477,24.921044921875023
2026-09-19 15:00:00,2026-09-19 11:00:00-04:00,25.152918313374936,25.632840129864146,18.95852472108649,32.3071555386418,25.37238769531251
2026-09-19 16:00:00,2026-09-19 12:00:00-04:00,26.28616459890136,25.799797460529444,19.12548205175179,32.4741128693071,24.98273925781251
2026-09-19 17:00:00,2026-09-19 13:00:00-04:00,27.032024646171955,25.934940493398962,19.26062508462131,32.60925590217661,24.848181152343784
2026-09-19 18:00:00,2026-09-19 14:00:00-04:00,27.3563514771524,25.939520402276596,19.26520499349894,32.61383581105425,24.84162597656251
2026-09-19 19:00:00,2026-09-19 15:00:00-04:00,27.246018877813814,26.723414949908744,20.049099541131092,33.397730358686395,26.240771484375045
2026-09-19 20:00:00,2026-09-19 16:00:00-04:00,26.703944867930822,27.161903905509703,20.48758849673205,33.836219314287355,27.345385742187545
2026-09-19 21:00:00,2026-09-19 17:00:00-04:00,25.76752644673578,26.627736369301314,19.95342096052366,33.30205177807897,27.150000000000034
2026-09-19 22:00:00,2026-09-19 18:00:00-04:00,24.53385497394511,25.307795927796132,18.633480519018477,31.982111336573787,25.830834960937523
2026-09-19 23:00:00,2026-09-19 19:00:00-04:00,23.16603246181854,23.941025336973475,17.266709928195823,30.615340745751126,24.391931152343716
2026-09-20 00:00:00,2026-09-19 20:00:00-04:00,21.863708583863794,23.235570027927974,16.56125461915032,29.90988543670563,23.939636230468807
2026-09-20 01:00:00,2026-09-19 21:00:00-04:00,20.80292173222859,23.13245109442582,16.458135685648166,29.806766503203477,24.187316894531307
2026-09-20 02:00:00,2026-09-19 22:00:00-04:00,20.07219876014249,22.19748835278245,15.523172944004797,28.871803761560102,23.187316894531307
2026-09-20 03:00:00,2026-09-19 23:00:00-04:00,19.63969744617114,21.711833621382322,15.037518212604668,28.386149030159977,22.844226074218795
2026-09-20 04:00:00,2026-09-20 00:00:00-04:00,19.373802965380477,21.224707152189765,14.550391743412112,27.899022560967417,22.529272460937534
2026-09-20 05:00:00,2026-09-20 01:00:00-04:00,19.112678552341052,20.5513085840091,13.876993175231446,27.22562399278675,21.970764160156307
2026-09-20 06:00:00,2026-09-20 02:00:00-04:00,18.75141741516654,20.102691653449554,13.4283762446719,26.777007062227206,21.732238769531307
2026-09-20 07:00:00,2026-09-20 03:00:00-04:00,18.303938452328254,20.220998026290413,13.54668261751276,26.89531343506807,22.248010253906273
2026-09-20 08:00:00,2026-09-20 04:00:00-04:00,17.907754779203767,20.010095151834165,13.335779743056511,26.684410560611816,22.122497558593807
2026-09-20 09:00:00,2026-09-20 05:00:00-04:00,17.767917945301516,19.820670062826267,13.146354654048613,26.49498547160392,21.791040039062523
2026-09-20 10:00:00,2026-09-20 06:00:00-04:00,18.066848348312664,19.603453768052212,12.929138359274559,26.277769176829864,21.132067871093795
2026-09-20 11:00:00,2026-09-20 07:00:00-04:00,18.88313517907332,19.731182882260782,13.056867473483129,26.405498291038434,20.691027832031295
2026-09-20 12:00:00,2026-09-20 08:00:00-04:00,20.156250218102706,20.387742324833788,13.713426916056134,27.06205773361144,20.79102783203126
2026-09-20 13:00:00,2026-09-20 09:00:00-04:00,21.7094406906527,21.992325447162774,15.31801003838512,28.66664085594043,22.151525878906284
2026-09-20 14:00:00,2026-09-20 10:00:00-04:00,23.313831033855546,24.400610183445806,17.726294774668155,31.074925592223458,24.693334960937534
2026-09-20 15:00:00,2026-09-20 11:00:00-04:00,24.75889470761847,26.743718312084123,20.069402903306468,33.41803372086178,27.270751953125057
2026-09-20 16:00:00,2026-09-20 12:00:00-04:00,25.896805360497865,26.51963994420292,19.845324535425263,33.19395535298057,26.293701171875057
2026-09-20 17:00:00,2026-09-20 13:00:00-04:00,26.647764005259987,27.854162699808086,21.179847291030434,34.52847810858574,27.93439941406251
2026-09-20 18:00:00,2026-09-20 14:00:00-04:00,26.977591424640874,29.145774185530104,22.47145877675245,35.82008959430776,29.84077148437501
2026-09-20 19:00:00,2026-09-20 15:00:00-04:00,26.873095051322704,29.303046896891505,22.62873148811385,35.97736230566916,30.35358886718751
2026-09-20 20:00:00,2026-09-20 16:00:00-04:00,26.33709706568927,29.123660968282877,22.449345559505225,35.79797637706053,30.574682617187534
2026-09-20 21:00:00,2026-09-20 17:00:00-04:00,25.406875791619736,28.621306962193998,21.946991553416346,35.29562237097165,30.424975585937545
2026-09-20 22:00:00,2026-09-20 18:00:00-04:00,24.179389297562416,27.214317931702098,20.540002522924446,33.88863334047975,28.943237304687557
2026-09-20 23:00:00,2026-09-20 19:00:00-04:00,22.817600918166697,25.43127608824875,18.7569606794711,32.1055914970264,26.846765136718773
2026-09-21 00:00:00,2026-09-20 20:00:00-04:00,21.521025871803747,24.278582391839194,17.604266983061542,30.952897800616846,25.716894531250034
2026-09-21 01:00:00,2026-09-20 21:00:00-04:00,20.46558164888077,23.940404903976003,17.26608949519835,30.614720312753654,25.621948242187557
2026-09-21 02:00:00,2026-09-20 22:00:00-04:00,19.739696168267205,23.648445746588838,16.974130337811182,30.322761155366493,25.558618164062523
2026-09-21 03:00:00,2026-09-20 23:00:00-04:00,19.31145716141172,23.12761327971207,16.453297870934414,29.801928688489724,25.155969238281273
2026-09-21 04:00:00,2026-09-21 00:00:00-04:00,19.049213593522477,22.697257858592003,16.02294244981435,29.371573267369655,24.92011718750001
2026-09-21 05:00:00,2026-09-21 01:00:00-04:00,18.79112896518095,22.307759091798797,15.633443683021143,28.982074500576452,24.775390625000057
2026-09-21 06:00:00,2026-09-21 02:00:00-04:00,18.43233336975682,21.033316966205152,14.359001557427499,27.707632374982808,23.29102783203126
2026-09-21 07:00:00,2026-09-21 03:00:00-04:00,17.986816845078106,20.372800369789132,13.698484961011479,27.047115778566784,22.650000000000034
2026-09-21 08:00:00,2026-09-21 04:00:00-04:00,17.592193184713203,19.991314958852215,13.316999550074561,26.665630367629866,22.264196777343784
2026-09-21 09:00:00,2026-09-21 05:00:00-04:00,17.453637409290035,19.819384057634146,13.145068648856492,26.493699466411798,21.950000000000045
2026-09-21 10:00:00,2026-09-21 06:00:00-04:00,17.753707862928287,19.851795367283476,13.177479958505822,26.52611077606113,21.649987792968773
2026-09-21 11:00:00,2026-09-21 07:00:00-04:00,18.57113683601443,20.128554346102945,13.454238937325291,26.802869754880597,21.422656250000045
2026-09-21 12:00:00,2026-09-21 08:00:00-04:00,19.845534671686,21.583165462232778,14.908850053455124,28.25748087101043,22.735449218750034
2026-09-21 13:00:00,2026-09-21 09:00:00-04:00,21.400273225728437,23.813380679750487,17.139065270972836,30.48769608852814,25.08565673828129
2026-09-21 14:00:00,2026-09-21 10:00:00-04:00,23.00657917697979,26.04589821572617,19.371582806948517,32.72021362450382,27.43586425781255
2026-09-21 15:00:00,2026-09-21 11:00:00-04:00,24.453998900065688,28.189453993690464,21.515138584912812,34.863769402468115,29.786071777343807
2026-09-21 16:00:00,2026-09-21 12:00:00-04:00,25.594744688737627,29.197036818963618,22.522721410185966,35.87135222774127,30.659179687500057
2026-09-21 17:00:00,2026-09-21 13:00:00-04:00,26.349019325633225,29.993969097352448,23.319653688574796,36.6682845061301,31.532287597656307
2026-09-21 18:00:00,2026-09-21 14:00:00-04:00,26.68260840061761,30.570118187427518,23.895802778649866,37.24443359620517,32.40539550781256
2026-09-21 19:00:00,2026-09-21 15:00:00-04:00,26.582249631251322,29.52974382972829,22.855428420950638,36.20405923850594,31.106254069010465
2026-09-21 20:00:00,2026-09-21 16:00:00-04:00,26.050665765466334,28.351689892855923,21.67737448407827,35.026005301633575,29.807112630208376
2026-09-21 21:00:00,2026-09-21 17:00:00-04:00,25.12501282116997,27.102081576963734,20.427766168186082,33.776396985741385,28.507971191406284
2026-09-21 22:00:00,2026-09-21 18:00:00-04:00,23.902112104479244,26.200012028052793,19.525696619275138,32.87432743683045,27.75574951171876
2026-09-21 23:00:00,2026-09-21 19:00:00-04:00,22.544785147994606,25.332700965534716,18.65838555675706,32.00701637431237,27.00352783203124
2026-09-22 00:00:00,2026-09-21 20:00:00-04:00,21.25241010137431,24.446462131870852,17.7721467230932,31.120777540648504,26.251306152343716
2026-09-22 01:00:00,2026-09-21 21:00:00-04:00,20.200781580763604,23.236965794084018,16.562650385306362,29.911281202861673,24.813675944010413
2026-09-22 02:00:00,2026-09-21 22:00:00-04:00,19.478227326474077,22.0546580858053,15.380342677027647,28.728973494582952,23.37604573567711
2026-09-22 03:00:00,2026-09-21 23:00:00-04:00,19.052764545372025,20.871939515908743,14.19762410713109,27.546254924686394,21.938415527343807
2026-09-22 04:00:00,2026-09-22 00:00:00-04:00,18.792706269028763,20.53947960354116,13.865164194763507,27.213795012318812,21.84309082031255
2026-09-22 05:00:00,2026-09-22 01:00:00-04:00,18.53621723036632,20.18701779526036,13.512702386482706,26.86133320403801,21.74776611328129
2026-09-22 06:00:00,2026-09-22 02:00:00-04:00,18.17846595471333,19.839973189465887,13.165657780688234,26.51428859824354,21.652441406250034
2026-09-22 07:00:00,2026-09-22 03:00:00-04:00,17.733515597959034,19.612456722971892,12.938141314194239,26.286772131749544,21.661962890625034
2026-09-22 08:00:00,2026-09-22 04:00:00-04:00,17.339082865714154,19.493713892108346,12.819398483330692,26.168029300885998,21.671484375000034
2026-09-22 09:00:00,2026-09-22 05:00:00-04:00,17.200468545475793,19.536483064317252,12.862167655539599,26.210798473094904,21.681005859375034
2026-09-22 10:00:00,2026-09-22 06:00:00-04:00,17.500371088993212,19.71860232064742,13.044286911869767,26.392917729425072,21.60482177734379
2026-09-22 11:00:00,2026-09-22 07:00:00-04:00,18.31766772661362,20.096694077338068,13.422378668560414,26.771009486115723,21.52863769531255
2026-09-22 12:00:00,2026-09-22 08:00:00-04:00,19.59210872036607,20.63587331580088,13.961557907023225,27.31018872457853,21.452453613281307
2026-09-22 13:00:00,2026-09-22 09:00:00-04:00,21.14719129937146,21.394770934725113,14.72045552594746,28.069086343502768,21.572762044270878
2026-09-22 14:00:00,2026-09-22 10:00:00-04:00,22.754244426963893,22.159430695164342,15.485115286386689,28.833746103941998,21.693070475260452
2026-09-22 15:00:00,2026-09-22 11:00:00-04:00,24.202886697370673,22.838588520649196,16.164273111871545,29.512903929426848,21.813378906250023
2026-09-22 16:00:00,2026-09-22 12:00:00-04:00,25.345367629787265,23.86133289243445,17.187017483656795,30.535648301212106,22.72601725260419
2026-09-22 17:00:00,2026-09-22 13:00:00-04:00,26.10188969580379,24.673365383477115,17.99904997469946,31.34768079225477,23.638655598958355
2026-09-22 18:00:00,2026-09-22 14:00:00-04:00,26.43820065958876,25.264553352347768,18.590237943570116,31.93886876112542,24.551293945312523
2026-09-22 19:00:00,2026-09-22 15:00:00-04:00,26.340965486379886,24.938438610019116,18.26412320124146,31.61275401879677,24.327620442708355
2026-09-22 20:00:00,2026-09-22 16:00:00-04:00,25.812804225753663,24.472975635087277,17.79866022630962,31.147291043864932,24.10394694010419
2026-09-22 21:00:00,2026-09-22 17:00:00-04:00,24.89074728681442,23.93428962770557,17.259974218927916,30.608605036483226,23.880273437500023
2026-09-22 22:00:00,2026-09-22 18:00:00-04:00,23.67147606833798,23.0576227986217,16.38330738984405,29.731938207399352,23.140372721354197
2026-09-22 23:00:00,2026-09-22 19:00:00-04:00,22.317667498093734,22.215695339211926,15.541379930434273,28.890010747989578,22.40047200520837
2026-09-23 00:00:00,2026-09-22 20:00:00-04:00,21.02856035793995,21.354638023445023,14.68032261466737,28.02895343222268,21.660571289062545
2026-09-23 01:00:00,2026-09-22 21:00:00-04:00,19.97982472187936,20.790751995821278,14.116436587043625,27.465067404598933,21.197526041666702
2026-09-23 02:00:00,2026-09-22 22:00:00-04:00,19.25968719986173,20.25254247030213,13.578227061524478,26.926857879079783,20.734480794270855
2026-09-23 03:00:00,2026-09-22 23:00:00-04:00,18.836094274906802,19.712409955761622,13.038094546983968,26.386725364539274,20.27143554687501
2026-09-23 04:00:00,2026-09-23 00:00:00-04:00,18.57732358382956,19.228951996771638,12.554636587993985,25.903267405549293,19.931172688802103
2026-09-23 05:00:00,2026-09-23 01:00:00-04:00,18.321542304687636,18.72587217819693,12.051556769419276,25.40018758697458,19.590909830729192
2026-09-23 06:00:00,2026-09-23 02:00:00-04:00,17.963959171839893,18.228589598437033,11.55427418965938,24.902905007214684,19.250646972656284
2026-09-23 07:00:00,2026-09-23 03:00:00-04:00,17.518712653061357,17.83568977563008,11.161374366852426,24.51000518440773,18.993570963541703
2026-09-23 08:00:00,2026-09-23 04:00:00-04:00,17.123624801278655,17.55197723055946,10.877661821781805,24.22629263933711,18.736494954427126
2026-09-23 09:00:00,2026-09-23 05:00:00-04:00,16.984124656485907,17.430190330667184,10.75587492188953,24.10450573944484,18.479418945312545
2026-09-23 10:00:00,2026-09-23 06:00:00-04:00,17.283053120215538,17.53278535806891,10.858469949291257,24.207100766846565,18.26961263020837
2026-09-23 11:00:00,2026-09-23 07:00:00-04:00,18.09943437812253,17.83156020879263,11.157244800014977,24.505875617570283,18.059806315104197
2026-09-23 12:00:00,2026-09-23 08:00:00-04:00,19.37316013933214,18.291629864250027,11.617314455472373,24.96594527302768,17.850000000000023
2026-09-23 13:00:00,2026-09-23 09:00:00-04:00,20.927853920939853,19.10065178925653,12.426336380478878,25.774967198034183,18.05000000000003
2026-09-23 14:00:00,2026-09-23 10:00:00-04:00,22.534947187927923,19.91531220949765,13.240996800719996,26.5896276182753,18.25000000000004
2026-09-23 15:00:00,2026-09-23 11:00:00-04:00,23.984130238048053,20.64434704850402,13.970031639726367,27.318662457281675,18.450000000000045
2026-09-23 16:00:00,2026-09-23 12:00:00-04:00,25.12768858145122,21.327481897540476,14.653166488762823,28.00179730631813,18.837817382812545
2026-09-23 17:00:00,2026-09-23 13:00:00-04:00,25.885822490084948,21.80071915724323,15.126403748465576,28.47503456602088,19.225634765625045
2026-09-23 18:00:00,2026-09-23 14:00:00-04:00,26.224239469056823,22.05392618618285,15.379610777405196,28.7282415949605,19.613452148437545
2026-09-23 19:00:00,2026-09-23 15:00:00-04:00,26.12952889999552,21.85331566113675,15.179000252359097,28.527631069914406,19.580118815104203
2026-09-23 20:00:00,2026-09-23 16:00:00-04:00,25.60420507919349,21.513061579223834,14.83874617044618,28.18737698800149,19.546785481770865
2026-09-23 21:00:00,2026-09-23 17:00:00-04:00,24.685169718152185,21.0992891405974,14.424973731819746,27.77360454937505,19.513452148437523
2026-09-23 22:00:00,2026-09-23 18:00:00-04:00,23.46896137791236,20.53511635750799,13.860800948730338,27.209431766285647,19.25373535156253
2026-09-23 23:00:00,2026-09-23 19:00:00-04:00,22.118109791064906,20.00493790975277,13.330622500975116,26.67925331853042,18.99401855468754
2026-09-24 00:00:00,2026-09-23 20:00:00-04:00,20.83171227996833,19.454723343108242,12.780407934330588,26.129038751885894,18.734301757812545
2026-09-24 01:00:00,2026-09-23 21:00:00-04:00,19.785312908177044,19.147799464286443,12.47348405550879,25.822114873064095,18.672867838541702
2026-09-24 02:00:00,2026-09-23 22:00:00-04:00,19.067036392766642,18.865928963348004,12.19161355457035,25.540244372125656,18.611433919270855
2026-09-24 03:00:00,2026-09-23 23:00:00-04:00,18.644758470654452,18.58151234916695,11.907196940389296,25.2558277579446,18.55000000000001
2026-09-24 04:00:00,2026-09-24 00:00:00-04:00,18.38672208611539,18.372277607270995,11.697962198493341,25.046593016048647,18.64643554687501
2026-09-24 05:00:00,2026-09-24 01:00:00-04:00,18.13109822412443,18.142743441851138,11.468428033073485,24.81705885062879,18.74287109375001
2026-09-24 06:00:00,2026-09-24 02:00:00-04:00,17.773137739866993,17.91832895130691,11.244013542529258,24.592644360084563,18.83930664062501
2026-09-24 07:00:00,2026-09-24 03:00:00-04:00,17.32705672814286,17.574176683032096,10.899861274254443,24.24849209180975,18.65400390625001
2026-09-24 08:00:00,2026-09-24 04:00:00-04:00,16.93078513393404,17.339100331924836,10.664784923147183,24.01341574070249,18.46870117187501
2026-09-24 09:00:00,2026-09-24 05:00:00-04:00,16.789882835147644,17.265838265427142,10.591522856649489,23.940153674204794,18.28339843750001
2026-09-24 10:00:00,2026-09-24 06:00:00-04:00,17.087335617999795,17.74693498931532,11.072619580537667,24.421250398092972,18.69176432291668
2026-09-24 11:00:00,2026-09-24 07:00:00-04:00,17.90231672743277,18.423252405036735,11.748936996259081,25.097567813814386,19.100130208333344
2026-09-24 12:00:00,2026-09-24 08:00:00-04:00,19.174860935411157,19.25990549400307,12.585590085225418,25.934220902780723,19.50849609375001
2026-09-24 13:00:00,2026-09-24 09:00:00-04:00,20.72871905100058,21.25453049755415,14.580215088776496,27.9288459063318,21.681673177083344
2026-09-24 14:00:00,2026-09-24 10:00:00-04:00,22.335425351765814,23.25173249297245,16.5774170841948,29.926047901750103,23.85485026041668
2026-09-24 15:00:00,2026-09-24 11:00:00-04:00,23.784741423242732,25.16024740378863,18.48593199501098,31.834562812566283,26.02802734375001
2026-09-24 16:00:00,2026-09-24 12:00:00-04:00,24.928987640448295,26.525056801594843,19.85074139281719,33.199372210372495,27.571736653645853
2026-09-24 17:00:00,2026-09-24 13:00:00-04:00,25.688360304337635,27.67817517396017,21.00385976518252,34.35249058273782,29.115445963541692
2026-09-24 18:00:00,2026-09-24 14:00:00-04:00,26.028524353697115,28.609469879455197,21.935154470677546,35.28378528823285,30.659155273437534
2026-09-24 19:00:00,2026-09-24 15:00:00-04:00,25.93599088946295,27.674002559423705,20.999687150646054,34.34831796820136,29.41176757812504
2026-09-24 20:00:00,2026-09-24 16:00:00-04:00,25.413165540539524,26.60077536116161,19.926459952383958,33.27509076993926,28.16437988281255
2026-09-24 21:00:00,2026-09-24 17:00:00-04:00,24.496818377381395,25.45591348482224,18.781598076044588,32.13022889359989,26.916992187500057
2026-09-24 22:00:00,2026-09-24 18:00:00-04:00,23.28334234022889,24.640384162355716,17.966068753578064,31.314699571133367,26.237353515625045
2026-09-24 23:00:00,2026-09-24 19:00:00-04:00,21.935117522598834,23.859500709363523,17.18518530058587,30.533816118141175,25.557714843750034
2026-09-25 00:00:00,2026-09-24 20:00:00-04:00,20.6510978382833,23.059093231440297,16.38477782266264,29.733408640217952,24.878076171875023
2026-09-25 01:00:00,2026-09-24 21:00:00-04:00,19.606700008066287,22.20107828908053,15.526762880302877,28.875393697858186,23.895117187500034
2026-09-25 02:00:00,2026-09-24 22:00:00-04:00,18.88994622044909,21.369546526375984,14.69523111759833,28.043861935153636,22.912158203125045
2026-09-25 03:00:00,2026-09-24 23:00:00-04:00,18.468641559593053,20.536898452200678,13.862583043423024,27.211213860978333,21.929199218750057
2026-09-25 04:00:00,2026-09-25 00:00:00-04:00,18.21099508243107,20.500948801415483,13.826633392637829,27.175264210193134,22.325927734375057
2026-09-25 05:00:00,2026-09-25 01:00:00-04:00,17.95518303231468,20.4442338044364,13.769918395658747,27.118549213214052,22.722656250000057
2026-09-25 06:00:00,2026-09-25 02:00:00-04:00,17.596500373519856,20.39217255966296,13.717857150885306,27.06648796844061,23.119384765625057
2026-09-25 07:00:00,2026-09-25 03:00:00-04:00,17.149243207137435,19.0922749893158,12.417959580538147,25.766590398093456,21.31240234375004
2026-09-25 08:00:00,2026-09-25 04:00:00-04:00,16.751451968319735,17.903969470073704,11.229654061296051,24.578284878851356,19.505419921875028
2026-09-25 09:00:00,2026-09-25 05:00:00-04:00,16.60882000312964,16.879994369378686,10.205678960601032,23.554309778156338,17.69843750000001
2026-09-25 10:00:00,2026-09-25 06:00:00-04:00,16.90448045631515,17.41920052883669,10.744885120059037,24.09351593761434,18.217956542968768
2026-09-25 11:00:00,2026-09-25 07:00:00-04:00,17.71775777211065,18.153454919293573,11.47913951051592,24.827770328071225,18.737475585937528
2026-09-25 12:00:00,2026-09-25 08:00:00-04:00,18.988831437210795,19.047872522161008,12.373557113383354,25.72218793093866,19.256994628906284
2026-09-25 13:00:00,2026-09-25 09:00:00-04:00,20.541580595843183,20.959926114429454,14.2856107056518,27.63424152320711,21.357828776041703
2026-09-25 14:00:00,2026-09-25 10:00:00-04:00,22.14764269394494,22.87466894299806,16.200353534220405,29.548984351775715,23.458662923177126
2026-09-25 15:00:00,2026-09-25 11:00:00-04:00,23.596850241727935,24.70083693139746,18.02652152261981,31.375152340175113,25.559497070312545
2026-09-25 16:00:00,2026-09-25 12:00:00-04:00,24.74155741487551,25.68268866616411,19.00837325738646,32.35700407494176,26.494437662760465
2026-09-25 17:00:00,2026-09-25 13:00:00-04:00,25.501954843894236,26.453793916906953,19.7794785081293,33.128109325684605,27.429378255208388
2026-09-25 18:00:00,2026-09-25 14:00:00-04:00,25.843662675845255,27.00402004219656,20.329704633418906,33.67833545097422,28.364318847656307
2026-09-25 19:00:00,2026-09-25 15:00:00-04:00,25.753111124885805,26.79684698517824,20.12253157640059,33.47116239395589,28.329235839843818
2026-09-25 20:00:00,2026-09-25 16:00:00-04:00,25.23259433701844,26.45003308601867,19.77571767724102,33.12434849479632,28.29415283203133
2026-09-25 21:00:00,2026-09-25 17:00:00-04:00,24.318747902225606,26.02970354487118,19.355388136093524,32.704018953648834,28.25906982421884
2026-09-25 22:00:00,2026-09-25 18:00:00-04:00,23.107816463696043,24.532910907782576,17.85859549900492,31.20722631656023,26.380265299479237
2026-09-25 23:00:00,2026-09-25 19:00:00-04:00,21.76202813866634,23.072624718383814,16.398309309606162,29.746940127161466,24.501460774739638
2026-09-26 00:00:00,2026-09-25 20:00:00-04:00,20.48019158685451,21.594557471360595,14.920242062582942,28.268872880138247,22.622656250000034
2026-09-26 01:00:00,2026-09-25 21:00:00-04:00,19.437594951496695,20.656120398447356,13.981804989669703,27.330435807225008,21.465104166666702
2026-09-26 02:00:00,2026-09-25 22:00:00-04:00,18.722157345787306,19.744437396922716,13.070121988145063,26.41875280570037,20.307552083333366
2026-09-26 03:00:00,2026-09-25 23:00:00-04:00,18.301613372804436,18.83190897566071,12.157593566883056,25.50622438443836,19.150000000000034
2026-09-26 04:00:00,2026-09-26 00:00:00-04:00,18.0441390735998,18.4823048739933,11.807989465215647,25.15662028277095,19.008601888020866
2026-09-26 05:00:00,2026-09-26 01:00:00-04:00,17.787917454880446,18.112770362081946,11.438454953304293,24.787085770859598,18.867203776041702
2026-09-26 06:00:00,2026-09-26 02:00:00-04:00,17.428289619164396,17.748724538326186,11.074409129548533,24.423039947103838,18.725805664062534
2026-09-26 07:00:00,2026-09-26 03:00:00-04:00,16.97963408225267,17.27503004252782,10.600714633750167,23.949345451305476,18.301318359375028
2026-09-26 08:00:00,2026-09-26 04:00:00-04:00,16.580104386625866,16.91078257319765,10.236467164419997,23.585097981975302,17.876831054687518
2026-09-26 09:00:00,2026-09-26 05:00:00-04:00,16.43552998792212,16.70872049777769,10.034405089000037,23.383035906555342,17.45234375000001
2026-09-26 10:00:00,2026-09-26 06:00:00-04:00,16.729193869291116,16.552485083581708,9.878169674804054,23.22680049235936,16.765226236979192
2026-09-26 11:00:00,2026-09-26 07:00:00-04:00,17.540573818126028,16.593170069847023,9.91885466106937,23.26748547862468,16.078108723958376
2026-09-26 12:00:00,2026-09-26 08:00:00-04:00,18.809995692520886,16.79589043798532,10.121575029207667,23.470205846762973,15.390991210937557
2026-09-26 13:00:00,2026-09-26 09:00:00-04:00,20.361468023701356,18.163252646194415,11.488937237416762,24.837568054972067,16.593538411458383
2026-09-26 14:00:00,2026-09-26 10:00:00-04:00,21.96673179689694,19.534697837131787,12.860382428354134,26.20901324590944,17.79608561197921
2026-09-26 15:00:00,2026-09-26 11:00:00-04:00,23.415690107617593,20.818961934328073,14.144646525550419,27.493277343105724,18.998632812500034
2026-09-26 16:00:00,2026-09-26 12:00:00-04:00,24.56072990180734,21.820058026671546,15.145742617893893,28.494373435449198,19.989550781250028
2026-09-26 17:00:00,2026-09-26 13:00:00-04:00,25.32203448463906,22.610320782712467,15.936005373934814,29.284636191490122,20.980468750000018
2026-09-26 18:00:00,2026-09-26 14:00:00-04:00,25.665177041308098,23.17961756102142,16.505302152243765,29.853932969799075,21.97138671875001
2026-09-26 19:00:00,2026-09-26 15:00:00-04:00,25.576504358184387,22.957126363013153,16.2828109542355,29.631441771790804,21.899027506510436
2026-09-26 20:00:00,2026-09-26 16:00:00-04:00,25.05819635613884,22.595052159145208,15.920736750367555,29.269367567922863,21.82666829427086
2026-09-26 21:00:00,2026-09-26 17:00:00-04:00,24.146751384515188,22.15952014957091,15.485204740793256,28.83383555834856,21.754309082031284
2026-09-26 22:00:00,2026-09-26 18:00:00-04:00,22.938263195732752,20.47809079901832,13.803775390240668,27.152406207795977,19.473730468750034
2026-09-26 23:00:00,2026-09-26 19:00:00-04:00,21.59480567636706,18.83379127290943,12.159475864131776,25.50810668168708,17.193151855468784
2026-09-27 00:00:00,2026-09-26 20:00:00-04:00,20.315040466610018,17.172238319096934,10.49792291031928,23.846553727874586,14.912573242187534
2026-09-27 01:00:00,2026-09-26 21:00:00-04:00,19.274125971729042,16.452693812190283,9.77837840341263,23.127009220967935,14.098665364583363
2026-09-27 02:00:00,2026-09-26 22:00:00-04:00,18.559877748940355,15.759370191940915,9.085054783163262,22.43368560071857,13.284757486979194
2026-09-27 03:00:00,2026-09-26 23:00:00-04:00,18.139960147594508,15.06466796722286,8.390352558445207,21.738983376000512,12.470849609375023
2026-09-27 04:00:00,2026-09-27 00:00:00-04:00,17.88251710820145,14.439708380085497,7.765392971307843,21.11402378886315,11.818798828125031
2026-09-27 05:00:00,2026-09-27 01:00:00-04:00,17.625739937206482,13.795610691149154,7.1212952823715,20.46992609992681,11.166748046875037
2026-09-27 06:00:00,2026-09-27 02:00:00-04:00,17.265017923584676,13.157793998813364,6.483478590035711,19.83210940759102,10.514697265625045
2026-09-27 07:00:00,2026-09-27 03:00:00-04:00,16.81481441392054,12.564642044482472,5.8903266357048185,19.238957453260127,9.84803059895838
2026-09-27 08:00:00,2026-09-27 04:00:00-04:00,16.413398673092086,12.081312872520488,5.406997463742835,18.755628281298144,9.181363932291712
2026-09-27 09:00:00,2026-09-27 05:00:00-04:00,16.26673889818951,11.76054485036942,5.086229441591767,18.434860259147072,8.514697265625045
2026-09-27 10:00:00,2026-09-27 06:00:00-04:00,16.558270376395072,12.13616575406699,5.461850345289337,18.810481162844646,8.758943684895883
2026-09-27 11:00:00,2026-09-27 07:00:00-04:00,17.367626366230855,12.707261990857571,6.0329465820799175,19.381577399635226,9.00319010416672
2026-09-27 12:00:00,2026-09-27 08:00:00-04:00,18.635280739418295,13.43894854215285,6.764633133375197,20.113263950930502,9.247436523437557
2026-09-27 13:00:00,2026-09-27 09:00:00-04:00,20.18537245600645,15.594347792309128,8.920032383531474,22.26866320108678,11.921394856770878
2026-09-27 14:00:00,2026-09-27 10:00:00-04:00,21.78974640849237,17.75154704199062,11.077231633212966,24.42586245076827,14.5953531901042
2026-09-27 15:00:00,2026-09-27 11:00:00-04:00,23.238375944541882,19.819282214727973,13.14496680595032,26.49359762350563,17.269311523437523
2026-09-27 16:00:00,2026-09-27 12:00:00-04:00,24.383679766820695,20.883965543663404,14.20965013488575,27.55828095244106,18.408235677083365
2026-09-27 17:00:00,2026-09-27 13:00:00-04:00,25.145832228466613,21.73758589576515,15.063270486987497,28.411901304542802,19.547159830729203
2026-09-27 18:00:00,2026-09-27 14:00:00-04:00,25.490357422045125,22.370010629603783,15.69569522082613,29.044326038381435,20.686083984375045
2026-09-27 19:00:00,2026-09-27 15:00:00-04:00,25.403516214772765,22.091066340443408,15.416750931665755,28.765381749221064,20.505419921875045
2026-09-27 20:00:00,2026-09-27 16:00:00-04:00,24.8873716183999,21.672707086937006,14.998391678159352,28.34702249571466,20.324755859375045
2026-09-27 21:00:00,2026-09-27 17:00:00-04:00,23.978282046012705,21.1810580692379,14.506742660460246,27.85537347801555,20.144091796875045
2026-09-27 22:00:00,2026-09-27 18:00:00-04:00,22.772187833636885,19.588436697249566,12.914121288471913,26.26275210602722,17.946940104166703
2026-09-27 23:00:00,2026-09-27 19:00:00-04:00,21.431006451404627,18.032815707801106,11.358500299023452,24.707131116578758,15.749788411458365
2026-09-28 00:00:00,2026-09-27 20:00:00-04:00,20.15325082052112,16.459737994321145,9.785422585543492,23.134053403098797,13.552636718750023
2026-09-28 01:00:00,2026-09-27 21:00:00-04:00,19.11394850827783,15.839428295684392,9.165112886906739,22.513743704462044,12.892985026041686
2026-09-28 02:00:00,2026-09-27 22:00:00-04:00,18.400811087453743,15.245100145921466,8.570784737143812,21.91941555469912,12.233333333333348
2026-09-28 03:00:00,2026-09-27 23:00:00-04:00,17.981432922940364,14.649154053906392,7.974838645128738,21.323469462684045,11.573681640625011
2026-09-28 04:00:00,2026-09-28 00:00:00-04:00,17.723926800232327,13.958860376900104,7.28454496812245,20.633175785677757,10.77576497395836
2026-09-28 05:00:00,2026-09-28 01:00:00-04:00,17.466493879701453,13.249654917822125,6.575339509044472,19.92397032659978,9.977848307291708
2026-09-28 06:00:00,2026-09-28 02:00:00-04:00,17.104573690579535,12.546956775071987,5.872641366294333,19.221272183849642,9.179931640625057
2026-09-28 07:00:00,2026-09-28 03:00:00-04:00,16.65271682063976,12.209430249725644,5.5351148409479904,18.883745658503297,8.967138671875054
2026-09-28 08:00:00,2026-09-28 04:00:00-04:00,16.249310857016408,11.981022294305104,5.306706885527451,18.655337703082758,8.754345703125049
2026-09-28 09:00:00,2026-09-28 05:00:00-04:00,16.10046534771435,11.914471276252371,5.2401558674747175,18.588786685030023,8.541552734375045
2026-09-28 10:00:00,2026-09-28 06:00:00-04:00,16.389770322767326,12.24580529361781,5.571489884840156,18.920120702395465,8.711035156250034
2026-09-28 11:00:00,2026-09-28 07:00:00-04:00,17.19701661167075,12.77273064493179,6.098415236154137,19.447046053709443,8.880517578125023
2026-09-28 12:00:00,2026-09-28 08:00:00-04:00,18.462827715714006,13.460362311606007,6.786046902828353,20.13467772038366,9.050000000000011
2026-09-28 13:00:00,2026-09-28 09:00:00-04:00,20.011474044150045,15.367016243854811,8.692700835077158,22.041331652632465,11.347509765625015
2026-09-28 14:00:00,2026-09-28 10:00:00-04:00,21.614904750768222,17.27605425830819,10.601738849530536,23.950369667085845,13.645019531250018
2026-09-28 15:00:00,2026-09-28 11:00:00-04:00,23.063163097910476,19.096212278496786,12.421896869719133,25.770527687274438,15.942529296875023
2026-09-28 16:00:00,2026-09-28 12:00:00-04:00,24.208698538139735,20.140033910693347,13.465718501915694,26.814349319471,17.08015136718753
2026-09-28 17:00:00,2026-09-28 13:00:00-04:00,24.971674864286328,20.972794586317125,14.298479177539472,27.64710999509478,18.21777343750004
2026-09-28 18:00:00,2026-09-28 14:00:00-04:00,25.31756497550357,21.584361663938687,14.910046255161033,28.25867707271634,19.355395507812545
2026-09-28 19:00:00,2026-09-28 15:00:00-04:00,25.232541369049073,21.42106286194295,14.746747453165296,28.0953782707206,19.386930338541713
2026-09-28 20:00:00,2026-09-28 16:00:00-04:00,24.718547512982973,21.11801985620768,14.443704447430028,27.792335264985333,19.418465169270878
2026-09-28 21:00:00,2026-09-28 17:00:00-04:00,23.81179924444248,20.741357846886213,14.06704243810856,27.41567325566387,19.450000000000045
2026-09-28 22:00:00,2026-09-28 18:00:00-04:00,22.608081017052726,19.27436158174418,12.600046172966527,25.948676990521832,17.41412760416671
2026-09-28 23:00:00,2026-09-28 19:00:00-04:00,21.269151758932118,17.844115464576333,11.16980005579868,24.518430873353985,15.378255208333371
2026-09-29 00:00:00,2026-09-28 20:00:00-04:00,19.993374030485292,16.39611044865088,9.721795039873227,23.070425857428532,13.342382812500034
2026-09-29 01:00:00,2026-09-28 21:00:00-04:00,18.95564351309519,15.752217745689803,9.07790233691215,22.426533154467457,12.613395182291697
2026-09-29 02:00:00,2026-09-28 22:00:00-04:00,18.243567410497025,15.134414170495456,8.460098761717802,21.80872957927311,11.88440755208336
2026-09-29 03:00:00,2026-09-28 23:00:00-04:00,17.82467040591359,14.515100231941872,7.840784823164219,21.189415640719524,11.155419921875023
2026-09-29 04:00:00,2026-09-29 00:00:00-04:00,17.567035097118044,14.142395030641836,7.468079621864183,20.816710439419488,10.942106119791694
2026-09-29 05:00:00,2026-09-29 01:00:00-04:00,17.308874061970506,13.749871000632668,7.075555591855014,20.42418640941032,10.728792317708363
2026-09-29 06:00:00,2026-09-29 02:00:00-04:00,16.945679120928283,13.362947240313911,6.688631831536258,20.037262649091566,10.515478515625034
2026-09-29 07:00:00,2026-09-29 03:00:00-04:00,16.492090499330192,12.91140766819774,6.237092259420086,19.58572307697539,10.075602213541705
2026-09-29 08:00:00,2026-09-29 04:00:00-04:00,16.0866166829572,12.569338999508279,5.895023590730625,19.243654408285934,9.635725911458374
2026-09-29 09:00:00,2026-09-29 05:00:00-04:00,15.935511149670202,12.38947960168753,5.715164192909876,19.063795010465185,9.195849609375045
2026-09-29 10:00:00,2026-09-29 06:00:00-04:00,16.222521076456147,12.587173342830376,5.912857934052722,19.261488751608027,9.111783854166712
2026-09-29 11:00:00,2026-09-29 07:00:00-04:00,17.02759692784589,12.98085181322546,6.306536404447806,19.655167222003115,9.02771809895838
2026-09-29 12:00:00,2026-09-29 08:00:00-04:00,18.291513416981314,13.535629994284466,6.861314585506813,20.20994540306212,8.943652343750045
2026-09-29 13:00:00,2026-09-29 09:00:00-04:00,19.83867339420467,15.494707230134386,8.820391821356733,22.16902263891204,11.427555338541708
2026-09-29 14:00:00,2026-09-29 10:00:00-04:00,21.441130607958133,17.45587934784109,10.781563939063437,24.130194756618742,13.911458333333371
2026-09-29 15:00:00,2026-09-29 11:00:00-04:00,22.88899788706938,19.327882270935223,12.65356686215757,26.00219767971288,16.395361328125034
2026-09-29 16:00:00,2026-09-29 12:00:00-04:00,24.03475442784746,20.484503828567746,13.810188419790093,27.158819237345398,17.79742838541671
2026-09-29 17:00:00,2026-09-29 13:00:00-04:00,24.798551867238732,21.429654127265383,14.75533871848773,28.10396953604304,19.199495442708383
2026-09-29 18:00:00,2026-09-29 14:00:00-04:00,25.14580983472481,22.15320052559871,15.478885116821056,28.827515934376365,20.601562500000057
2026-09-29 19:00:00,2026-09-29 15:00:00-04:00,25.062610042129496,21.968624650880738,15.294309242103084,28.642940059658393,20.594091796875052
2026-09-29 20:00:00,2026-09-29 16:00:00-04:00,24.5507738236191,21.644365091863808,14.970049683086154,28.318680500641463,20.58662109375005
2026-09-29 21:00:00,2026-09-29 17:00:00-04:00,23.64637185168698,21.246547048701256,14.572231639923602,27.92086245747891,20.579150390625045
2026-09-29 22:00:00,2026-09-29 18:00:00-04:00,22.445030286303048,19.606796477514543,12.93248106873689,26.281111886292194,18.126481119791702
2026-09-29 23:00:00,2026-09-29 19:00:00-04:00,21.108347443363197,18.004442739815993,11.330127331038339,24.678758148593644,15.673811848958355
2026-09-30 00:00:00,2026-09-29 20:00:00-04:00,19.834533933424304,16.38494677834702,9.710631369569368,23.059262187124673,13.221142578125011
2026-09-30 01:00:00,2026-09-29 21:00:00-04:00,18.79835255115711,15.734425059809936,9.060109651032283,22.408740468587588,12.451643880208357
2026-09-30 02:00:00,2026-09-29 22:00:00-04:00,18.087305785465855,15.110055324406824,8.43573991562917,21.784370733184478,11.6821451822917
2026-09-30 03:00:00,2026-09-29 23:00:00-04:00,17.668848969086056,14.484238081011718,7.809922672234064,21.15855348978937,10.912646484375045
2026-09-30 04:00:00,2026-09-30 00:00:00-04:00,17.411035495907342,13.926646703938205,7.252331295160552,20.60096211271586,10.320231119791705
2026-09-30 05:00:00,2026-09-30 01:00:00-04:00,17.152090928915293,13.34982469711651,6.675509288338857,20.024140105894162,9.727815755208363
2026-09-30 06:00:00,2026-09-30 02:00:00-04:00,16.787561422588137,12.779191158946162,6.1048757501685085,19.453506567723814,9.135400390625023
2026-09-30 07:00:00,2026-09-30 03:00:00-04:00,16.33217921683204,12.394043137188795,5.719727728411142,19.068358545966447,8.810628255208352
2026-09-30 08:00:00,2026-09-30 04:00:00-04:00,15.924576243691604,12.118187427794602,5.443872019016949,18.792502836572254,8.485856119791682
2026-09-30 09:00:00,2026-09-30 05:00:00-04:00,15.771152454092103,12.004362398205593,5.33004698942794,18.678677806983245,8.161083984375011
2026-09-30 10:00:00,2026-09-30 06:00:00-04:00,16.055814536289834,12.442964431592635,5.768649022814982,19.117279840370287,8.559879557291689
2026-09-30 11:00:00,2026-09-30 07:00:00-04:00,16.858674613252912,13.076802005730526,6.402486596952873,19.75111741450818,8.958675130208368
2026-09-30 12:00:00,2026-09-30 08:00:00-04:00,18.120660153956898,13.870990102030955,7.196674693253302,20.54530551080861,9.357470703125045
2026-09-30 13:00:00,2026-09-30 09:00:00-04:00,19.666307408837028,16.298265874261546,9.623950465483892,22.972581283039197,12.888313802083378
2026-09-30 14:00:00,2026-09-30 10:00:00-04:00,21.267775029577383,18.726012137572532,12.051696728794878,25.400327546350184,16.41915690104171
2026-09-30 15:00:00,2026-09-30 11:00:00-04:00,22.715245048767535,21.06296481549456,14.388649406716906,27.73728022427221,19.950000000000045
2026-09-30 16:00:00,2026-09-30 12:00:00-04:00,23.86122539743724,22.351016371936858,15.676700963159204,29.02533178071451,21.679622395833366
2026-09-30 17:00:00,2026-09-30 13:00:00-04:00,24.625853970475024,23.4270884475617,16.75277303878405,30.101403856339353,23.40924479166669
2026-09-30 18:00:00,2026-09-30 14:00:00-04:00,24.974495072880217,24.281048400939657,17.606732992162,30.955363809717312,25.13886718750001
2026-09-30 19:00:00,2026-09-30 15:00:00-04:00,24.893137248001317,24.11353528898768,17.439219880210025,30.787850697765336,25.173372395833344
2026-09-30 20:00:00,2026-09-30 16:00:00-04:00,24.38347714750215,23.806273364576,17.13195795579835,30.480588773353652,25.20787760416668
2026-09-30 21:00:00,2026-09-30 17:00:00-04:00,23.48143773883503,23.42538782785794,16.751072419080288,30.09970323663559,25.24238281250001
2026-09-30 22:00:00,2026-09-30 18:00:00-04:00,22.282484529132915,21.663951361818196,14.989635953040542,28.33826677059585,22.45191243489586
2026-09-30 23:00:00,2026-09-30 19:00:00-04:00,20.948053204511282,19.940435848077154,13.2661204392995,26.61475125685481,19.66144205729171
2026-10-01 00:00:00,2026-09-30 20:00:00-04:00,19.676200886614126,18.200294157363587,11.525978748585933,24.87460956614124,16.870971679687557
2026-10-01 01:00:00,2026-09-30 21:00:00-04:00,18.641556526833785,17.587322251760085,10.913006842982432,24.261637660537737,16.155485026041713
2026-10-01 02:00:00,2026-09-30 22:00:00-04:00,17.93151758925603,17.000418526343125,10.326103117565472,23.674733935120777,15.439998372395868
2026-10-01 03:00:00,2026-09-30 23:00:00-04:00,17.51347041254612,16.411983489986714,9.73766808120906,23.08629889876437,14.724511718750023
