timestamp_utc,timestamp_local,predicted_temperature_c,raw_gfs_temperature_c
2026-09-17T04:00:00Z,2026-09-17T00:00:00-04:00,21.678851997852348,21.229150390625023
2026-09-17T05:00:00Z,2026-09-17T01:00:00-04:00,20.996159100532566,20.296118164062534
2026-09-17T06:00:00Z,2026-09-17T02:00:00-04:00,20.425765943527267,19.673022460937545
2026-09-17T07:00:00Z,2026-09-17T03:00:00-04:00,19.979037714004562,19.234545898437545
2026-09-17T08:00:00Z,2026-09-17T04:00:00-04:00,19.607938826084194,18.800781250000057
2026-09-17T09:00:00Z,2026-09-17T05:00:00-04:00,19.442485475540195,18.467626953125034
2026-09-17T10:00:00Z,2026-09-17T06:00:00-04:00,19.163686203956615,18.14765625000001
2026-09-17T11:00:00Z,2026-09-17T07:00:00-04:00,19.214148688316357,17.95234375000001
2026-09-17T12:00:00Z,2026-09-17T08:00:00-04:00,21.021814870834362,19.85078125000001
2026-09-17T13:00:00Z,2026-09-17T09:00:00-04:00,23.235881894826946,22.847656250000057
2026-09-17T14:00:00Z,2026-09-17T10:00:00-04:00,25.02322846651083,25.720825195312557
2026-09-17T15:00:00Z,2026-09-17T11:00:00-04:00,27.00108292102817,28.083837890625034
2026-09-17T16:00:00Z,2026-09-17T12:00:00-04:00,28.57452833652502,29.992553710937557
2026-09-17T17:00:00Z,2026-09-17T13:00:00-04:00,30.374455475807224,31.692541503906284
2026-09-17T18:00:00Z,2026-09-17T14:00:00-04:00,30.890382170677242,32.76196289062506
2026-09-17T19:00:00Z,2026-09-17T15:00:00-04:00,31.393097782135044,33.461950683593784
2026-09-17T20:00:00Z,2026-09-17T16:00:00-04:00,31.581134891510033,33.64998779296877
2026-09-17T21:00:00Z,2026-09-17T17:00:00-04:00,31.30554926395422,33.25000000000006
2026-09-17T22:00:00Z,2026-09-17T18:00:00-04:00,31.318129563331638,31.933020019531284
2026-09-17T23:00:00Z,2026-09-17T19:00:00-04:00,27.551019108295463,28.342065429687523
2026-09-18T00:00:00Z,2026-09-17T20:00:00-04:00,24.889920735359226,26.835119628906284
2026-09-18T01:00:00Z,2026-09-17T21:00:00-04:00,23.293122386932396,25.591699218750023
2026-09-18T02:00:00Z,2026-09-17T22:00:00-04:00,22.617160797119197,24.943237304687557
2026-09-18T03:00:00Z,2026-09-17T23:00:00-04:00,21.399986982345638,24.023925781250057
2026-09-18T04:00:00Z,2026-09-18T00:00:00-04:00,21.267779445648216,23.485253906250023
2026-09-18T05:00:00Z,2026-09-18T01:00:00-04:00,21.88696464300159,22.807958984375034
2026-09-18T06:00:00Z,2026-09-18T02:00:00-04:00,21.5996654391289,22.589379882812523
2026-09-18T07:00:00Z,2026-09-18T03:00:00-04:00,21.32387484312062,21.927294921875045
2026-09-18T08:00:00Z,2026-09-18T04:00:00-04:00,21.004694235324905,21.516894531250045
2026-09-18T09:00:00Z,2026-09-18T05:00:00-04:00,21.044372445344948,21.350000000000023
2026-09-18T10:00:00Z,2026-09-18T06:00:00-04:00,21.19959528446202,21.450000000000045
2026-09-18T11:00:00Z,2026-09-18T07:00:00-04:00,22.343508923053776,21.650000000000034
2026-09-18T12:00:00Z,2026-09-18T08:00:00-04:00,23.97268552780156,22.950000000000045
2026-09-18T13:00:00Z,2026-09-18T09:00:00-04:00,24.232249116897606,23.345117187500023
2026-09-18T14:00:00Z,2026-09-18T10:00:00-04:00,25.492036116123245,25.062609863281295
2026-09-18T15:00:00Z,2026-09-18T11:00:00-04:00,29.565983995795307,29.750000000000057
2026-09-18T16:00:00Z,2026-09-18T12:00:00-04:00,31.8012273907662,32.56945800781256
2026-09-18T17:00:00Z,2026-09-18T13:00:00-04:00,33.12438553571707,34.12072753906256
2026-09-18T18:00:00Z,2026-09-18T14:00:00-04:00,33.890471148490974,34.48078613281257
2026-09-18T19:00:00Z,2026-09-18T15:00:00-04:00,32.9339058399201,34.02075195312506
2026-09-18T20:00:00Z,2026-09-18T16:00:00-04:00,32.0907962560654,32.380773925781284
2026-09-18T21:00:00Z,2026-09-18T17:00:00-04:00,30.13580518662934,30.320727539062545
2026-09-18T22:00:00Z,2026-09-18T18:00:00-04:00,28.601034452766214,28.650000000000034
2026-09-18T23:00:00Z,2026-09-18T19:00:00-04:00,26.810144782066402,27.180786132812557
2026-09-19T00:00:00Z,2026-09-18T20:00:00-04:00,25.37111555337907,26.07825927734376
2026-09-19T01:00:00Z,2026-09-18T21:00:00-04:00,24.71279594898226,25.720239257812523
2026-09-19T02:00:00Z,2026-09-18T22:00:00-04:00,23.731641030311607,24.797509765625023
2026-09-19T03:00:00Z,2026-09-18T23:00:00-04:00,22.687388277053856,24.067895507812523
2026-09-19T04:00:00Z,2026-09-19T00:00:00-04:00,22.273604750633297,23.568298339843807
2026-09-19T05:00:00Z,2026-09-19T01:00:00-04:00,23.062814539670967,22.764916992187523
2026-09-19T06:00:00Z,2026-09-19T02:00:00-04:00,22.47836993336682,22.332141113281295
2026-09-19T07:00:00Z,2026-09-19T03:00:00-04:00,22.24212476611143,21.922363281250057
2026-09-19T08:00:00Z,2026-09-19T04:00:00-04:00,21.942090755701088,21.627832031250023
2026-09-19T09:00:00Z,2026-09-19T05:00:00-04:00,21.76155967712407,21.311083984375045
2026-09-19T10:00:00Z,2026-09-19T06:00:00-04:00,21.731536769866977,21.202307128906284
2026-09-19T11:00:00Z,2026-09-19T07:00:00-04:00,21.637417078018245,20.801147460937557
2026-09-19T12:00:00Z,2026-09-19T08:00:00-04:00,22.60792777538302,21.556481933593773
2026-09-19T13:00:00Z,2026-09-19T09:00:00-04:00,23.83128339052206,23.157470703125057
2026-09-19T14:00:00Z,2026-09-19T10:00:00-04:00,25.69782797098162,24.921044921875023
2026-09-19T15:00:00Z,2026-09-19T11:00:00-04:00,26.0082081437111,25.37238769531251
2026-09-19T16:00:00Z,2026-09-19T12:00:00-04:00,26.416089820861828,24.98273925781251
2026-09-19T17:00:00Z,2026-09-19T13:00:00-04:00,26.15333666801456,24.848181152343784
2026-09-19T18:00:00Z,2026-09-19T14:00:00-04:00,25.894590902328503,24.84162597656251
2026-09-19T19:00:00Z,2026-09-19T15:00:00-04:00,26.85695911645894,26.240771484375045
2026-09-19T20:00:00Z,2026-09-19T16:00:00-04:00,27.848381829261825,27.345385742187545
2026-09-19T21:00:00Z,2026-09-19T17:00:00-04:00,27.43978350758556,27.150000000000034
2026-09-19T22:00:00Z,2026-09-19T18:00:00-04:00,26.086544936895393,25.830834960937523
2026-09-19T23:00:00Z,2026-09-19T19:00:00-04:00,24.65333831906321,24.391931152343773
2026-09-20T00:00:00Z,2026-09-19T20:00:00-04:00,23.80785177648073,23.939636230468807
2026-09-20T01:00:00Z,2026-09-19T21:00:00-04:00,23.317468285560665,24.187316894531307
2026-09-20T02:00:00Z,2026-09-19T22:00:00-04:00,22.22265368700033,23.187316894531307
2026-09-20T03:00:00Z,2026-09-19T23:00:00-04:00,22.47319478988652,22.844226074218795
2026-09-20T04:00:00Z,2026-09-20T00:00:00-04:00,22.38669464886192,22.529272460937534
2026-09-20T05:00:00Z,2026-09-20T01:00:00-04:00,22.639538705349025,21.970764160156307
2026-09-20T06:00:00Z,2026-09-20T02:00:00-04:00,22.439442455768642,21.732238769531307
2026-09-20T07:00:00Z,2026-09-20T03:00:00-04:00,22.9353490829468,22.248010253906273
2026-09-20T08:00:00Z,2026-09-20T04:00:00-04:00,22.791272103786525,22.122497558593807
2026-09-20T09:00:00Z,2026-09-20T05:00:00-04:00,22.57551786899569,21.791040039062523
2026-09-20T10:00:00Z,2026-09-20T06:00:00-04:00,22.30179209709172,21.132067871093795
2026-09-20T11:00:00Z,2026-09-20T07:00:00-04:00,22.309326958656357,20.691027832031295
2026-09-20T12:00:00Z,2026-09-20T08:00:00-04:00,22.52265434265138,20.79102783203126
2026-09-20T13:00:00Z,2026-09-20T09:00:00-04:00,23.492599987983738,22.151525878906284
2026-09-20T14:00:00Z,2026-09-20T10:00:00-04:00,25.846092486381565,24.693334960937534
2026-09-20T15:00:00Z,2026-09-20T11:00:00-04:00,28.07459187507635,27.270751953125057
2026-09-20T16:00:00Z,2026-09-20T12:00:00-04:00,27.463202357292232,26.293701171875057
2026-09-20T17:00:00Z,2026-09-20T13:00:00-04:00,28.7829302430153,27.93439941406251
2026-09-20T18:00:00Z,2026-09-20T14:00:00-04:00,30.245593237876903,29.84077148437501
2026-09-20T19:00:00Z,2026-09-20T15:00:00-04:00,30.987125861644756,30.35358886718751
2026-09-20T20:00:00Z,2026-09-20T16:00:00-04:00,30.584464253485237,30.574682617187534
2026-09-20T21:00:00Z,2026-09-20T17:00:00-04:00,30.9428537011147,30.424975585937545
2026-09-20T22:00:00Z,2026-09-20T18:00:00-04:00,28.904808860272226,28.943237304687557
2026-09-20T23:00:00Z,2026-09-20T19:00:00-04:00,26.624864792823814,26.846765136718773
2026-09-21T00:00:00Z,2026-09-20T20:00:00-04:00,25.21656020879749,25.716894531250034
2026-09-21T01:00:00Z,2026-09-20T21:00:00-04:00,24.263377070426998,25.621948242187557
2026-09-21T02:00:00Z,2026-09-20T22:00:00-04:00,23.839368319511436,25.558618164062523
2026-09-21T03:00:00Z,2026-09-20T23:00:00-04:00,23.405572986602806,25.155969238281273
2026-09-21T04:00:00Z,2026-09-21T00:00:00-04:00,23.225506830215465,24.92011718750001
2026-09-21T05:00:00Z,2026-09-21T01:00:00-04:00,23.08078026771551,24.775390625000057
2026-09-21T06:00:00Z,2026-09-21T02:00:00-04:00,22.192045736312878,23.29102783203126
2026-09-21T07:00:00Z,2026-09-21T03:00:00-04:00,22.708544337749515,22.650000000000034
2026-09-21T08:00:00Z,2026-09-21T04:00:00-04:00,22.44552757740024,22.264196777343784
2026-09-21T09:00:00Z,2026-09-21T05:00:00-04:00,22.280237656831787,21.950000000000045
2026-09-21T10:00:00Z,2026-09-21T06:00:00-04:00,22.112617856264137,21.649987792968773
2026-09-21T11:00:00Z,2026-09-21T07:00:00-04:00,22.219317030906723,21.422656250000045
2026-09-21T12:00:00Z,2026-09-21T08:00:00-04:00,23.51920785903934,22.735449218750034
2026-09-21T13:00:00Z,2026-09-21T09:00:00-04:00,25.267426317930262,25.08565673828129
2026-09-21T14:00:00Z,2026-09-21T10:00:00-04:00,27.454962923377803,27.43586425781255
2026-09-21T15:00:00Z,2026-09-21T11:00:00-04:00,29.64270998537546,29.786071777343807
2026-09-21T16:00:00Z,2026-09-21T12:00:00-04:00,30.75236967206007,30.659179687500057
2026-09-21T17:00:00Z,2026-09-21T13:00:00-04:00,31.26690179109579,31.532287597656307
2026-09-21T18:00:00Z,2026-09-21T14:00:00-04:00,32.81395488977438,32.40539550781256
2026-09-21T19:00:00Z,2026-09-21T15:00:00-04:00,31.210391668478696,31.106254069010465
2026-09-21T20:00:00Z,2026-09-21T16:00:00-04:00,30.07655816872919,29.807112630208376
2026-09-21T21:00:00Z,2026-09-21T17:00:00-04:00,28.44148050397638,28.507971191406284
2026-09-21T22:00:00Z,2026-09-21T18:00:00-04:00,28.343006002903014,27.75574951171878
2026-09-21T23:00:00Z,2026-09-21T19:00:00-04:00,27.168836680054692,27.003527832031278
2026-09-22T00:00:00Z,2026-09-21T20:00:00-04:00,25.639921402931236,26.251306152343773
2026-09-22T01:00:00Z,2026-09-21T21:00:00-04:00,24.334885243574814,24.813675944010452
2026-09-22T02:00:00Z,2026-09-21T22:00:00-04:00,23.4095868972441,23.376045735677128
2026-09-22T03:00:00Z,2026-09-21T23:00:00-04:00,23.125180125236568,21.938415527343807
2026-09-22T04:00:00Z,2026-09-22T00:00:00-04:00,22.959985303878835,21.84309082031255
2026-09-22T05:00:00Z,2026-09-22T01:00:00-04:00,22.5660170078278,21.74776611328129
2026-09-22T06:00:00Z,2026-09-22T02:00:00-04:00,22.44554677009586,21.652441406250034
2026-09-22T07:00:00Z,2026-09-22T03:00:00-04:00,22.30052527189258,21.661962890625034
2026-09-22T08:00:00Z,2026-09-22T04:00:00-04:00,22.398055756092106,21.671484375000034
2026-09-22T09:00:00Z,2026-09-22T05:00:00-04:00,22.340565884113346,21.681005859375034
2026-09-22T10:00:00Z,2026-09-22T06:00:00-04:00,22.35740534067158,21.60482177734379
2026-09-22T11:00:00Z,2026-09-22T07:00:00-04:00,22.583335089683583,21.52863769531255
2026-09-22T12:00:00Z,2026-09-22T08:00:00-04:00,22.827332854270992,21.452453613281307
2026-09-22T13:00:00Z,2026-09-22T09:00:00-04:00,23.276317509015445,21.572762044270878
2026-09-22T14:00:00Z,2026-09-22T10:00:00-04:00,24.118289057413772,21.693070475260452
2026-09-22T15:00:00Z,2026-09-22T11:00:00-04:00,24.696397399902366,21.813378906250023
2026-09-22T16:00:00Z,2026-09-22T12:00:00-04:00,26.135649220148746,22.72601725260419
2026-09-22T17:00:00Z,2026-09-22T13:00:00-04:00,25.90274303754173,23.638655598958355
2026-09-22T18:00:00Z,2026-09-22T14:00:00-04:00,26.085183000564598,24.551293945312523
2026-09-22T19:00:00Z,2026-09-22T15:00:00-04:00,25.876379664738995,24.327620442708355
2026-09-22T20:00:00Z,2026-09-22T16:00:00-04:00,25.50210608641309,24.10394694010419
2026-09-22T21:00:00Z,2026-09-22T17:00:00-04:00,24.439477062225365,23.880273437500023
2026-09-22T22:00:00Z,2026-09-22T18:00:00-04:00,24.22907754580183,23.140372721354197
2026-09-22T23:00:00Z,2026-09-22T19:00:00-04:00,23.22675158580148,22.40047200520837
2026-09-23T00:00:00Z,2026-09-22T20:00:00-04:00,21.564920437336013,21.660571289062545
2026-09-23T01:00:00Z,2026-09-22T21:00:00-04:00,20.833447281519607,21.197526041666702
2026-09-23T02:00:00Z,2026-09-22T22:00:00-04:00,20.266420867045742,20.734480794270855
2026-09-23T03:00:00Z,2026-09-22T23:00:00-04:00,20.330730348080408,20.27143554687501
2026-09-23T04:00:00Z,2026-09-23T00:00:00-04:00,19.77626254161201,19.931172688802103
2026-09-23T05:00:00Z,2026-09-23T01:00:00-04:00,19.324175230662053,19.590909830729192
2026-09-23T06:00:00Z,2026-09-23T02:00:00-04:00,18.826779776811634,19.250646972656284
2026-09-23T07:00:00Z,2026-09-23T03:00:00-04:00,18.581890443960862,18.993570963541703
2026-09-23T08:00:00Z,2026-09-23T04:00:00-04:00,18.189532335599306,18.736494954427126
2026-09-23T09:00:00Z,2026-09-23T05:00:00-04:00,18.058248263597534,18.479418945312545
2026-09-23T10:00:00Z,2026-09-23T06:00:00-04:00,17.888674755891202,18.26961263020837
2026-09-23T11:00:00Z,2026-09-23T07:00:00-04:00,17.985809502999018,18.059806315104197
2026-09-23T12:00:00Z,2026-09-23T08:00:00-04:00,18.165613090991997,17.850000000000023
2026-09-23T13:00:00Z,2026-09-23T09:00:00-04:00,18.519608545303374,18.05000000000003
2026-09-23T14:00:00Z,2026-09-23T10:00:00-04:00,19.226277232170144,18.25000000000004
2026-09-23T15:00:00Z,2026-09-23T11:00:00-04:00,19.920414161682174,18.450000000000045
2026-09-23T16:00:00Z,2026-09-23T12:00:00-04:00,20.914236021041916,18.837817382812545
2026-09-23T17:00:00Z,2026-09-23T13:00:00-04:00,21.232277345657394,19.225634765625045
2026-09-23T18:00:00Z,2026-09-23T14:00:00-04:00,21.73990793228154,19.613452148437545
2026-09-23T19:00:00Z,2026-09-23T15:00:00-04:00,21.7245554129283,19.580118815104203
2026-09-23T20:00:00Z,2026-09-23T16:00:00-04:00,21.75432504018151,19.546785481770865
2026-09-23T21:00:00Z,2026-09-23T17:00:00-04:00,20.82323584556582,19.513452148437523
2026-09-23T22:00:00Z,2026-09-23T18:00:00-04:00,20.12623553276065,19.25373535156253
2026-09-23T23:00:00Z,2026-09-23T19:00:00-04:00,19.383330315351525,18.99401855468754
2026-09-24T00:00:00Z,2026-09-23T20:00:00-04:00,20.512155246734665,18.734301757812545
2026-09-24T01:00:00Z,2026-09-23T21:00:00-04:00,20.007347289721206,18.672867838541702
2026-09-24T02:00:00Z,2026-09-23T22:00:00-04:00,19.768232639630657,18.611433919270855
2026-09-24T03:00:00Z,2026-09-23T23:00:00-04:00,19.608072209358227,18.55000000000001
2026-09-24T04:00:00Z,2026-09-24T00:00:00-04:00,19.694920587539684,18.64643554687501
2026-09-24T05:00:00Z,2026-09-24T01:00:00-04:00,19.791356134414684,18.74287109375001
2026-09-24T06:00:00Z,2026-09-24T02:00:00-04:00,19.88675479888917,18.83930664062501
2026-09-24T07:00:00Z,2026-09-24T03:00:00-04:00,19.702488946914684,18.65400390625001
2026-09-24T08:00:00Z,2026-09-24T04:00:00-04:00,19.45869176387788,18.46870117187501
2026-09-24T09:00:00Z,2026-09-24T05:00:00-04:00,19.341470646858227,18.28339843750001
2026-09-24T10:00:00Z,2026-09-24T06:00:00-04:00,19.84856304327648,18.69176432291668
2026-09-24T11:00:00Z,2026-09-24T07:00:00-04:00,20.44040513833365,19.100130208333344
2026-09-24T12:00:00Z,2026-09-24T08:00:00-04:00,21.80608253479005,19.50849609375001
2026-09-24T13:00:00Z,2026-09-24T09:00:00-04:00,24.03397715886435,21.681673177083344
2026-09-24T14:00:00Z,2026-09-24T10:00:00-04:00,25.082680432001762,23.85485026041668
2026-09-24T15:00:00Z,2026-09-24T11:00:00-04:00,26.802075374126446,26.02802734375001
2026-09-24T16:00:00Z,2026-09-24T12:00:00-04:00,28.70080276330314,27.571736653645853
2026-09-24T17:00:00Z,2026-09-24T13:00:00-04:00,29.626187912623113,29.115445963541692
2026-09-24T18:00:00Z,2026-09-24T14:00:00-04:00,31.154620075225864,30.659155273437534
2026-09-24T19:00:00Z,2026-09-24T15:00:00-04:00,29.886003470420878,29.41176757812504
2026-09-24T20:00:00Z,2026-09-24T16:00:00-04:00,29.282157230377248,28.16437988281255
2026-09-24T21:00:00Z,2026-09-24T17:00:00-04:00,27.432668805122432,26.916992187500057
2026-09-24T22:00:00Z,2026-09-24T18:00:00-04:00,26.758615922927902,26.237353515625045
2026-09-24T23:00:00Z,2026-09-24T19:00:00-04:00,25.74047850966457,25.557714843750034
2026-09-25T00:00:00Z,2026-09-24T20:00:00-04:00,25.43011490106585,24.878076171875023
2026-09-25T01:00:00Z,2026-09-24T21:00:00-04:00,23.928461880981956,23.895117187500034
2026-09-25T02:00:00Z,2026-09-24T22:00:00-04:00,24.550524187088058,22.912158203125045
2026-09-25T03:00:00Z,2026-09-24T23:00:00-04:00,24.249334335327205,21.929199218750057
2026-09-25T04:00:00Z,2026-09-25T00:00:00-04:00,24.122595667839107,22.325927734375057
2026-09-25T05:00:00Z,2026-09-25T01:00:00-04:00,24.441294431686458,22.722656250000057
2026-09-25T06:00:00Z,2026-09-25T02:00:00-04:00,23.734398782253322,23.119384765625057
2026-09-25T07:00:00Z,2026-09-25T03:00:00-04:00,23.555603122711222,21.31240234375004
2026-09-25T08:00:00Z,2026-09-25T04:00:00-04:00,21.766568136215238,19.505419921875028
2026-09-25T09:00:00Z,2026-09-25T05:00:00-04:00,20.811329889297497,17.69843750000001
2026-09-25T10:00:00Z,2026-09-25T06:00:00-04:00,20.853952169418353,18.217956542968768
2026-09-25T11:00:00Z,2026-09-25T07:00:00-04:00,21.73861880302432,18.737475585937528
2026-09-25T12:00:00Z,2026-09-25T08:00:00-04:00,22.725902938842808,19.256994628906284
2026-09-25T13:00:00Z,2026-09-25T09:00:00-04:00,24.316114107767778,21.357828776041703
2026-09-25T14:00:00Z,2026-09-25T10:00:00-04:00,25.06024044354761,23.458662923177126
2026-09-25T15:00:00Z,2026-09-25T11:00:00-04:00,25.641797301173256,25.559497070312545
2026-09-25T16:00:00Z,2026-09-25T12:00:00-04:00,26.812068102757184,26.494437662760465
2026-09-25T17:00:00Z,2026-09-25T13:00:00-04:00,27.450973662485733,27.429378255208388
2026-09-25T18:00:00Z,2026-09-25T14:00:00-04:00,27.475185036659298,28.364318847656307
2026-09-25T19:00:00Z,2026-09-25T15:00:00-04:00,27.93915318250661,28.3292358398438
2026-09-25T20:00:00Z,2026-09-25T16:00:00-04:00,27.904070174694102,28.29415283203129
2026-09-25T21:00:00Z,2026-09-25T17:00:00-04:00,27.25585761070255,28.259069824218784
2026-09-25T22:00:00Z,2026-09-25T18:00:00-04:00,25.629939321676925,26.380265299479202
2026-09-25T23:00:00Z,2026-09-25T19:00:00-04:00,24.043912126620643,24.501460774739616
2026-09-26T00:00:00Z,2026-09-25T20:00:00-04:00,23.351347887516056,22.622656250000034
2026-09-26T01:00:00Z,2026-09-25T21:00:00-04:00,22.774942342440323,21.465104166666702
2026-09-26T02:00:00Z,2026-09-25T22:00:00-04:00,22.074345811208122,20.307552083333366
2026-09-26T03:00:00Z,2026-09-25T23:00:00-04:00,21.06987538337711,19.150000000000034
2026-09-26T04:00:00Z,2026-09-26T00:00:00-04:00,21.560288413365715,19.008601888020866
2026-09-26T05:00:00Z,2026-09-26T01:00:00-04:00,20.79790527025862,18.867203776041702
2026-09-26T06:00:00Z,2026-09-26T02:00:00-04:00,20.53921725749973,18.725805664062534
2026-09-26T07:00:00Z,2026-09-26T03:00:00-04:00,20.540286970138578,18.301318359375028
2026-09-26T08:00:00Z,2026-09-26T04:00:00-04:00,20.34739255905153,17.876831054687518
2026-09-26T09:00:00Z,2026-09-26T05:00:00-04:00,19.846030521392834,17.45234375000001
2026-09-26T10:00:00Z,2026-09-26T06:00:00-04:00,19.106151930491155,16.765226236979192
2026-09-26T11:00:00Z,2026-09-26T07:00:00-04:00,19.411913331349734,16.078108723958376
2026-09-26T12:00:00Z,2026-09-26T08:00:00-04:00,20.51376676559454,15.390991210937557
2026-09-26T13:00:00Z,2026-09-26T09:00:00-04:00,20.37941230138148,16.593538411458383
2026-09-26T14:00:00Z,2026-09-26T10:00:00-04:00,21.23112250963851,17.79608561197921
2026-09-26T15:00:00Z,2026-09-26T11:00:00-04:00,22.31402125358585,18.998632812500034
2026-09-26T16:00:00Z,2026-09-26T12:00:00-04:00,23.64898962974551,19.989550781250028
2026-09-26T17:00:00Z,2026-09-26T13:00:00-04:00,24.298481225967425,20.980468750000018
2026-09-26T18:00:00Z,2026-09-26T14:00:00-04:00,25.07224349975587,21.97138671875001
2026-09-26T19:00:00Z,2026-09-26T15:00:00-04:00,24.950803677241026,21.899027506510436
2026-09-26T20:00:00Z,2026-09-26T16:00:00-04:00,24.874533685048448,21.82666829427086
2026-09-26T21:00:00Z,2026-09-26T17:00:00-04:00,24.143301630020176,21.754309082031284
2026-09-26T22:00:00Z,2026-09-26T18:00:00-04:00,22.306316280365024,19.473730468750034
2026-09-26T23:00:00Z,2026-09-26T19:00:00-04:00,19.94474806785587,17.193151855468784
2026-09-27T00:00:00Z,2026-09-26T20:00:00-04:00,18.31940283775333,14.912573242187534
2026-09-27T01:00:00Z,2026-09-26T21:00:00-04:00,17.427616484959948,14.098665364583363
2026-09-27T02:00:00Z,2026-09-26T22:00:00-04:00,16.36665784517927,13.284757486979194
2026-09-27T03:00:00Z,2026-09-26T23:00:00-04:00,15.683644390106224,12.470849609375023
2026-09-27T04:00:00Z,2026-09-27T00:00:00-04:00,15.6663094043732,11.818798828125031
2026-09-27T05:00:00Z,2026-09-27T01:00:00-04:00,14.836159229278602,11.166748046875037
2026-09-27T06:00:00Z,2026-09-27T02:00:00-04:00,14.052475404739425,10.514697265625045
2026-09-27T07:00:00Z,2026-09-27T03:00:00-04:00,13.236215623219854,9.84803059895838
2026-09-27T08:00:00Z,2026-09-27T04:00:00-04:00,12.688671700159754,9.181363932291712
2026-09-27T09:00:00Z,2026-09-27T05:00:00-04:00,12.17673630714421,8.514697265625045
2026-09-27T10:00:00Z,2026-09-27T06:00:00-04:00,12.139987834294686,8.758943684895883
2026-09-27T11:00:00Z,2026-09-27T07:00:00-04:00,12.972905699412081,9.00319010416672
2026-09-27T12:00:00Z,2026-09-27T08:00:00-04:00,13.55795860290533,9.247436523437557
2026-09-27T13:00:00Z,2026-09-27T09:00:00-04:00,16.04344704945887,11.92139485677088
2026-09-27T14:00:00Z,2026-09-27T10:00:00-04:00,19.26441198984785,14.5953531901042
2026-09-27T15:00:00Z,2026-09-27T11:00:00-04:00,20.11470994949343,17.269311523437523
2026-09-27T16:00:00Z,2026-09-27T12:00:00-04:00,21.576565392812125,18.408235677083365
2026-09-27T17:00:00Z,2026-09-27T13:00:00-04:00,22.29321448008223,19.547159830729203
2026-09-27T18:00:00Z,2026-09-27T14:00:00-04:00,22.36423404216771,20.686083984375045
2026-09-27T19:00:00Z,2026-09-27T15:00:00-04:00,22.20155103206639,20.505419921875045
2026-09-27T20:00:00Z,2026-09-27T16:00:00-04:00,22.609853458404586,20.324755859375045
2026-09-27T21:00:00Z,2026-09-27T17:00:00-04:00,21.882386159896896,20.144091796875045
2026-09-27T22:00:00Z,2026-09-27T18:00:00-04:00,20.111664930979448,17.946940104166703
2026-09-27T23:00:00Z,2026-09-27T19:00:00-04:00,18.106322654088366,15.749788411458363
2026-09-28T00:00:00Z,2026-09-27T20:00:00-04:00,15.355283832550072,13.552636718750023
2026-09-28T01:00:00Z,2026-09-27T21:00:00-04:00,14.640601793924986,12.892985026041686
2026-09-28T02:00:00Z,2026-09-27T22:00:00-04:00,13.896629675229406,12.233333333333348
2026-09-28T03:00:00Z,2026-09-27T23:00:00-04:00,13.798351573944103,11.573681640625011
2026-09-28T04:00:00Z,2026-09-28T00:00:00-04:00,12.786270650227891,10.77576497395836
2026-09-28T05:00:00Z,2026-09-28T01:00:00-04:00,11.550457731882773,9.977848307291708
2026-09-28T06:00:00Z,2026-09-28T02:00:00-04:00,10.84530973434454,9.179931640625057
2026-09-28T07:00:00Z,2026-09-28T03:00:00-04:00,9.875275814533287,8.967138671875054
2026-09-28T08:00:00Z,2026-09-28T04:00:00-04:00,9.040609854459811,8.754345703125049
2026-09-28T09:00:00Z,2026-09-28T05:00:00-04:00,8.971446943283127,8.541552734375045
2026-09-28T10:00:00Z,2026-09-28T06:00:00-04:00,8.920014464855228,8.711035156250034
2026-09-28T11:00:00Z,2026-09-28T07:00:00-04:00,9.479335165023826,8.880517578125023
2026-09-28T12:00:00Z,2026-09-28T08:00:00-04:00,10.495959925651562,9.050000000000011
2026-09-28T13:00:00Z,2026-09-28T09:00:00-04:00,13.243615174293533,11.347509765625015
2026-09-28T14:00:00Z,2026-09-28T10:00:00-04:00,15.310829997062703,13.64501953125002
2026-09-28T15:00:00Z,2026-09-28T11:00:00-04:00,17.724315738678,15.942529296875023
2026-09-28T16:00:00Z,2026-09-28T12:00:00-04:00,18.490854907035857,17.08015136718753
2026-09-28T17:00:00Z,2026-09-28T13:00:00-04:00,19.262402415275613,18.21777343750004
2026-09-28T18:00:00Z,2026-09-28T14:00:00-04:00,20.15013195276265,19.355395507812545
2026-09-28T19:00:00Z,2026-09-28T15:00:00-04:00,20.100162498156276,19.386930338541713
2026-09-28T20:00:00Z,2026-09-28T16:00:00-04:00,20.059854360421543,19.418465169270878
2026-09-28T21:00:00Z,2026-09-28T17:00:00-04:00,19.63268026411538,19.450000000000045
2026-09-28T22:00:00Z,2026-09-28T18:00:00-04:00,17.62359355489417,17.41412760416671
2026-09-28T23:00:00Z,2026-09-28T19:00:00-04:00,16.038724561532376,15.378255208333371
2026-09-29T00:00:00Z,2026-09-28T20:00:00-04:00,12.716293597221409,13.342382812500034
2026-09-29T01:00:00Z,2026-09-28T21:00:00-04:00,11.512233344713877,12.613395182291697
2026-09-29T02:00:00Z,2026-09-28T22:00:00-04:00,10.668677123387681,11.88440755208336
2026-09-29T03:00:00Z,2026-09-28T23:00:00-04:00,10.945239669084572,11.155419921875023
2026-09-29T04:00:00Z,2026-09-29T00:00:00-04:00,10.550429813067145,10.942106119791694
2026-09-29T05:00:00Z,2026-09-29T01:00:00-04:00,9.845112391312947,10.728792317708363
2026-09-29T06:00:00Z,2026-09-29T02:00:00-04:00,9.648634278774296,10.515478515625034
2026-09-29T07:00:00Z,2026-09-29T03:00:00-04:00,8.998142520586688,10.075602213541705
2026-09-29T08:00:00Z,2026-09-29T04:00:00-04:00,8.696291919549347,9.635725911458374
2026-09-29T09:00:00Z,2026-09-29T05:00:00-04:00,8.265760076046035,9.195849609375045
2026-09-29T10:00:00Z,2026-09-29T06:00:00-04:00,8.015363566080774,9.111783854166712
2026-09-29T11:00:00Z,2026-09-29T07:00:00-04:00,8.202872069676763,9.02771809895838
2026-09-29T12:00:00Z,2026-09-29T08:00:00-04:00,8.933893174678133,8.943652343750045
2026-09-29T13:00:00Z,2026-09-29T09:00:00-04:00,11.94022645155593,11.427555338541708
2026-09-29T14:00:00Z,2026-09-29T10:00:00-04:00,14.14769956966245,13.911458333333371
2026-09-29T15:00:00Z,2026-09-29T11:00:00-04:00,15.73074134588245,16.395361328125034
2026-09-29T16:00:00Z,2026-09-29T12:00:00-04:00,16.9673286835353,17.79742838541671
2026-09-29T17:00:00Z,2026-09-29T13:00:00-04:00,17.904263027509103,19.199495442708383
2026-09-29T18:00:00Z,2026-09-29T14:00:00-04:00,17.68241167068487,20.601562500000057
2026-09-29T19:00:00Z,2026-09-29T15:00:00-04:00,17.69292178153997,20.594091796875052
2026-09-29T20:00:00Z,2026-09-29T16:00:00-04:00,17.564945268631032,20.58662109375005
2026-09-29T21:00:00Z,2026-09-29T17:00:00-04:00,16.971218538284347,20.579150390625045
2026-09-29T22:00:00Z,2026-09-29T18:00:00-04:00,15.920725647608474,18.126481119791702
2026-09-29T23:00:00Z,2026-09-29T19:00:00-04:00,14.05283659299217,15.673811848958357
2026-09-30T00:00:00Z,2026-09-29T20:00:00-04:00,12.362234520912182,13.221142578125011
2026-09-30T01:00:00Z,2026-09-29T21:00:00-04:00,11.096916254361494,12.451643880208357
2026-09-30T02:00:00Z,2026-09-29T22:00:00-04:00,11.15892136494322,11.6821451822917
2026-09-30T03:00:00Z,2026-09-29T23:00:00-04:00,10.61583383083348,10.912646484375045
2026-09-30T04:00:00Z,2026-09-30T00:00:00-04:00,9.667166809241015,10.320231119791705
2026-09-30T05:00:00Z,2026-09-30T01:00:00-04:00,9.294230498870244,9.727815755208363
2026-09-30T06:00:00Z,2026-09-30T02:00:00-04:00,8.702850168943428,9.135400390625023
2026-09-30T07:00:00Z,2026-09-30T03:00:00-04:00,8.40689503153167,8.810628255208352
2026-09-30T08:00:00Z,2026-09-30T04:00:00-04:00,8.125949446360286,8.485856119791682
2026-09-30T09:00:00Z,2026-09-30T05:00:00-04:00,7.859004962444317,8.161083984375011
2026-09-30T10:00:00Z,2026-09-30T06:00:00-04:00,8.091469661394777,8.559879557291689
2026-09-30T11:00:00Z,2026-09-30T07:00:00-04:00,8.528385861714716,8.958675130208368
2026-09-30T12:00:00Z,2026-09-30T08:00:00-04:00,9.742268872261093,9.357470703125045
2026-09-30T13:00:00Z,2026-09-30T09:00:00-04:00,12.230879040559179,12.88831380208338
2026-09-30T14:00:00Z,2026-09-30T10:00:00-04:00,15.41642450491592,16.419156901041713
2026-09-30T15:00:00Z,2026-09-30T11:00:00-04:00,17.055509519577072,19.950000000000045
2026-09-30T16:00:00Z,2026-09-30T12:00:00-04:00,18.207922442754143,21.679622395833366
2026-09-30T17:00:00Z,2026-09-30T13:00:00-04:00,18.58186270395917,23.40924479166669
2026-09-30T18:00:00Z,2026-09-30T14:00:00-04:00,18.91752462387086,25.13886718750001
2026-09-30T19:00:00Z,2026-09-30T15:00:00-04:00,18.970011361440033,25.173372395833344
2026-09-30T20:00:00Z,2026-09-30T16:00:00-04:00,18.56667944590252,25.20787760416668
2026-09-30T21:00:00Z,2026-09-30T17:00:00-04:00,18.160730171203625,25.24238281250001
2026-09-30T22:00:00Z,2026-09-30T18:00:00-04:00,17.92570975621544,22.45191243489586
2026-09-30T23:00:00Z,2026-09-30T19:00:00-04:00,16.454190746943198,19.66144205729171
2026-10-01T00:00:00Z,2026-09-30T20:00:00-04:00,14.86015987396246,16.870971679687557
2026-10-01T01:00:00Z,2026-09-30T21:00:00-04:00,14.004778258005825,16.155485026041713
2026-10-01T02:00:00Z,2026-09-30T22:00:00-04:00,13.828843577702875,15.439998372395868
2026-10-01T03:00:00Z,2026-09-30T23:00:00-04:00,13.748376703262352,14.724511718750023
