cutoff,training_hours,training_years,scored_hours,mae_c,rmse_c,bias_c,max_abs_error_c,interval_coverage,model,folds
2022-09-17 04:00:00,8760,1.0,336,3.5583449122414006,4.5144458755646255,1.9461159401713364,11.890082820754055,0.7946428571428571,prophet,seasonal
2023-09-17 04:00:00,17519,2.0,336,1.9677553871534623,2.5744160588456677,0.3466177837988047,8.888548888057489,0.9761904761904762,prophet,seasonal
2024-09-17 04:00:00,26303,3.0,336,3.6073452894384377,4.17086371519865,-3.4429058682692384,9.537944372151497,0.8571428571428571,prophet,seasonal
2025-09-17 04:00:00,35055,4.0,336,3.408719791865513,4.110800478523912,-2.6757496259045497,9.455456771507553,0.8273809523809523,prophet,seasonal
all,87637,,1344,3.1355413451747034,3.914799621706009,-0.9564804425509117,11.890082820754055,0.8638392857142857,prophet,seasonal
2022-09-17 04:00:00,8760,1.0,336,3.181626984126984,3.9667627039194504,0.6408730158730156,11.426666666666666,,climatology,seasonal
2023-09-17 04:00:00,17519,2.0,336,2.120019841269842,2.910392594292058,0.8227976190476192,10.580000000000002,,climatology,seasonal
2024-09-17 04:00:00,26303,3.0,336,3.618144122383253,4.2024794991060945,-3.3883586381412467,9.746666666666664,,climatology,seasonal
2025-09-17 04:00:00,35055,4.0,336,2.8241060405643736,3.4387920493248645,-1.646921296296296,8.408333333333331,,climatology,seasonal
all,87637,,1344,2.9359742470861128,3.6637315711246954,-0.8929023248792272,11.426666666666666,,climatology,seasonal
2022-09-17 04:00:00,8760,1.0,336,3.3991071428571424,4.374653047467226,1.3354166666666665,13.3,,persistence,seasonal
2023-09-17 04:00:00,17519,2.0,336,4.251785714285714,4.9696279922095155,0.9708333333333333,12.200000000000001,,persistence,seasonal
2024-09-17 04:00:00,26303,3.0,336,3.6675595238095244,4.694604932919327,-3.442559523809524,11.200000000000003,,persistence,seasonal
2025-09-17 04:00:00,35055,4.0,336,4.380952380952381,5.411336205024553,-4.046428571428571,12.2,,persistence,seasonal
all,87637,,1344,3.9248511904761907,4.877413932266429,-1.2956845238095238,13.3,,persistence,seasonal
2022-09-17 04:00:00,8760,1.0,336,3.5583449122414006,4.5144458755646255,1.9461159401713364,11.890082820754055,0.7946428571428571,prophet,rolling
2022-10-01 04:00:00,9096,1.04,336,3.6427223874531207,4.306642756045649,2.614068369711827,9.006383912388525,0.7886904761904762,prophet,rolling
2022-10-15 04:00:00,9432,1.08,336,3.6268158435048656,4.311427909337829,-0.5132892428087062,9.817606084312596,0.7857142857142857,prophet,rolling
2022-10-29 04:00:00,9768,1.11,336,8.650890072946325,9.605537333170941,-8.650890072946325,18.405779219212587,0.29464285714285715,prophet,rolling
2022-11-12 04:00:00,10104,1.15,335,6.134311357572164,6.926589966290117,4.860679961341435,13.042943397502734,0.43283582089552236,prophet,rolling
2022-11-26 04:00:00,10439,1.19,336,3.893848406241973,4.629207451326547,-1.3531406738762892,10.055405267874187,0.7767857142857143,prophet,rolling
2022-12-10 04:00:00,10775,1.23,336,7.50606090116138,8.401381479338383,7.493028054287684,20.33737175827078,0.31547619047619047,prophet,rolling
2022-12-24 04:00:00,11111,1.27,336,7.6182268182872015,8.66620082992347,-0.6497000669462916,18.402958489605194,0.375,prophet,rolling
2023-01-07 04:00:00,11447,1.31,336,5.059969421349737,6.5350733941273536,-3.523102763965984,15.33107245388819,0.6517857142857143,prophet,rolling
2023-01-21 04:00:00,11783,1.34,336,3.527337305996961,4.516730449722476,-1.953910358653948,12.720119149240322,0.8333333333333334,prophet,rolling
2023-02-04 04:00:00,12119,1.38,336,5.373664913667519,6.391135896549732,-3.240614531749146,13.197853514177066,0.6190476190476191,prophet,rolling
2023-02-18 04:00:00,12455,1.42,336,4.0041581493516345,4.875830876338337,0.16387133537249599,11.922431768009076,0.7767857142857143,prophet,rolling
2023-03-04 04:00:00,12791,1.46,336,7.698880675037198,8.92900953809393,7.2972416255192645,18.770027905088703,0.39285714285714285,prophet,rolling
2023-03-18 04:00:00,13127,1.5,336,4.4868349872077795,5.521026577692168,0.47185623872102817,12.314410782120571,0.7380952380952381,prophet,rolling
2023-04-01 04:00:00,13463,1.54,336,5.42060129157346,6.267144942633974,-0.7640672979177408,13.607065284022255,0.6190476190476191,prophet,rolling
2023-04-15 04:00:00,13799,1.57,336,3.636826195319007,4.228628313792614,1.0049085500057309,9.326336330581519,0.8809523809523809,prophet,rolling
2023-04-29 04:00:00,14135,1.61,336,3.622905513268164,4.4434563689249735,2.429425118813044,11.343168381269143,0.8303571428571429,prophet,rolling
2023-05-13 04:00:00,14471,1.65,336,3.1410167849257795,3.858415909144481,2.20344635203619,8.810631547269175,0.8958333333333334,prophet,rolling
2023-05-27 04:00:00,14807,1.69,336,3.098950372835789,3.874979547253094,2.6301896149814668,10.566959395765764,0.9047619047619048,prophet,rolling
2023-06-10 04:00:00,15143,1.73,336,2.3239618420051436,2.8231541759306387,-0.06993759338109949,8.415691713951759,0.9791666666666666,prophet,rolling
2023-06-24 04:00:00,15479,1.77,336,2.768939961773062,3.287563141445597,-2.5361753633966475,7.421919947322621,0.9523809523809523,prophet,rolling
2023-07-08 04:00:00,15815,1.8,336,2.512561402150133,3.0007901342112424,-1.9135280917745316,8.444979178552547,0.9910714285714286,prophet,rolling
2023-07-22 04:00:00,16151,1.84,336,2.4036522028551284,2.975846644329163,-1.270927610320935,5.9010785462056,0.9970238095238095,prophet,rolling
2023-08-05 04:00:00,16487,1.88,336,2.2224365359321436,2.7589525255984504,-1.7479079637797295,7.314920786090326,0.9702380952380952,prophet,rolling
2023-08-19 04:00:00,16823,1.92,336,2.3799054770213712,2.790866973622163,-1.1055615403201975,5.942863979706901,0.9970238095238095,prophet,rolling
2023-09-02 04:00:00,17159,1.96,336,3.468582861261105,4.128806747659012,-2.2915218735532554,9.81234477289421,0.8392857142857143,prophet,rolling
2023-09-16 04:00:00,17495,2.0,336,2.087572821468231,2.748746904560607,0.5646866863679885,8.996322260629046,0.9642857142857143,prophet,rolling
2023-09-30 04:00:00,17831,2.03,336,2.4566031559227777,3.029228331223775,-0.9259996543213133,7.5904729640299795,0.9613095238095238,prophet,rolling
2023-10-14 04:00:00,18167,2.07,336,2.794979102645629,3.4280961710050377,0.5494445502095211,8.008326759752475,0.9107142857142857,prophet,rolling
2023-10-28 04:00:00,18503,2.11,336,6.207060128067548,6.832973544491247,-1.5471491769294938,11.64527563486207,0.4375,prophet,rolling
2023-11-11 04:00:00,18839,2.15,336,3.1363062058060556,4.0971129871565735,-1.1633480572661523,12.776438861454551,0.8452380952380952,prophet,rolling
2023-11-25 04:00:00,19175,2.19,336,4.315693405631919,5.423256886550746,0.5679289938869249,13.69076243136846,0.7410714285714286,prophet,rolling
2023-12-09 04:00:00,19511,2.23,336,4.431537457275285,5.22254697578622,1.4084102034657024,13.412059622682705,0.6904761904761905,prophet,rolling
2023-12-23 04:00:00,19847,2.26,336,3.5933644801803553,4.3645345577336805,-0.3827128889615007,9.98962813910417,0.8184523809523809,prophet,rolling
2024-01-06 04:00:00,20183,2.3,336,3.3154757442467746,4.478708863302382,0.3714957409531128,14.205049043012613,0.8035714285714286,prophet,rolling
2024-01-20 04:00:00,20519,2.34,336,6.135446837651443,7.732211566682205,-2.5917806902033003,17.868992287889057,0.5535714285714286,prophet,rolling
2024-02-03 04:00:00,20855,2.38,336,3.435647952531182,4.221164355956228,-0.07168088181726162,9.796797672065795,0.8571428571428571,prophet,rolling
2024-02-17 04:00:00,21191,2.42,336,4.994216297468042,5.486568466000791,3.4545330030936023,10.412570512835849,0.6607142857142857,prophet,rolling
2024-03-02 04:00:00,21527,2.46,336,3.120198200398301,3.7235658919092365,-1.698988540821544,9.262884848800503,0.9047619047619048,prophet,rolling
2024-03-16 04:00:00,21863,2.49,336,3.8387657278244824,4.5055224197529355,1.6771552073022316,9.1640888023609,0.8095238095238095,prophet,rolling
2024-03-30 04:00:00,22199,2.53,336,4.637999014009891,5.359084564237937,-2.0685966892481225,10.959026285990607,0.7261904761904762,prophet,rolling
2024-04-13 04:00:00,22535,2.57,336,4.226005819146187,5.096558270849865,0.06040850789241689,12.802181139231736,0.7708333333333334,prophet,rolling
2024-04-27 04:00:00,22871,2.61,336,3.282100506620779,3.8297859769227625,-2.9339360599157533,8.592593768051131,0.8898809523809523,prophet,rolling
2024-05-11 04:00:00,23207,2.65,336,2.4264707134835923,2.910025185593031,0.5983296726301331,7.670567126830413,0.9702380952380952,prophet,rolling
2024-05-25 04:00:00,23543,2.69,336,2.280187343326646,2.8374348838137835,-0.9130942673305527,9.006782349983022,0.9583333333333334,prophet,rolling
2024-06-08 04:00:00,23879,2.72,336,1.4203134608687864,1.7204486954833724,-0.25655136730333405,5.225692214424511,1.0,prophet,rolling
2024-06-22 04:00:00,24215,2.76,336,2.684862232187995,3.231721831613572,-1.0210000672230686,9.03172848131155,0.9434523809523809,prophet,rolling
2024-07-06 04:00:00,24551,2.8,336,2.2195795112312764,2.9656284773970354,0.08069550354556053,10.009273585145628,0.9375,prophet,rolling
2024-07-20 04:00:00,24887,2.84,336,2.2508027818529492,3.0080393902161995,1.603217765574396,10.604889341731383,0.9404761904761905,prophet,rolling
2024-08-03 04:00:00,25223,2.88,336,2.331444645746024,3.093963994103727,1.946321980231786,9.73445414000329,0.9315476190476191,prophet,rolling
2024-08-17 04:00:00,25559,2.92,336,3.790949475112462,4.740572146936275,2.637004253020282,10.722525931570711,0.7291666666666666,prophet,rolling
2024-08-31 04:00:00,25895,2.95,336,3.197479722610657,3.7908217629633922,2.8993901926956887,8.14490879302407,0.8869047619047619,prophet,rolling
2024-09-14 04:00:00,26231,2.99,336,3.1544628311135585,3.805214979661829,-2.543960269444379,9.628002443866615,0.8690476190476191,prophet,rolling
2024-09-28 04:00:00,26567,3.03,336,2.9845147866207133,3.423116538103213,-1.296001137806542,7.515289678825675,0.9523809523809523,prophet,rolling
2024-10-12 04:00:00,26903,3.07,336,3.91190170417263,4.52544741166872,2.3000749193800605,9.958528181719062,0.8065476190476191,prophet,rolling
2024-10-26 04:00:00,27239,3.11,336,5.028182600423819,5.8743865736606065,-4.048826871007364,11.671784518477413,0.5446428571428571,prophet,rolling
2024-11-09 04:00:00,27575,3.15,336,3.1635268460521773,3.7673662897901297,-0.31104459894176567,9.204840931923169,0.8541666666666666,prophet,rolling
2024-11-23 04:00:00,27911,3.18,336,5.0339789621075175,5.986436089129092,3.1993002839814,11.8876652444179,0.5744047619047619,prophet,rolling
2024-12-07 04:00:00,28247,3.22,336,4.498375611898818,5.458895356667253,-0.884159838730348,14.164741607177865,0.6785714285714286,prophet,rolling
2024-12-21 04:00:00,28583,3.26,336,4.679678884460448,5.608581410816292,1.3706271476884162,13.30274283651865,0.7142857142857143,prophet,rolling
2025-01-04 04:00:00,28919,3.3,336,6.092445997881377,6.740167492283841,6.07171143185174,11.128733494011561,0.40773809523809523,prophet,rolling
2025-01-18 04:00:00,29255,3.34,336,5.547648473439823,6.632107844334461,0.9040856495883854,13.976832833240474,0.5476190476190477,prophet,rolling
2025-02-01 04:00:00,29591,3.38,336,5.039054078882057,6.12805128625265,-2.049447996212198,14.41737515733574,0.6428571428571429,prophet,rolling
2025-02-15 04:00:00,29927,3.41,336,6.155637981378187,7.41882293836596,4.007908553548888,18.602007410055826,0.5386904761904762,prophet,rolling
2025-03-01 04:00:00,30263,3.45,335,4.015728422844653,4.828436719632787,-0.5858172300941352,11.636499524518403,0.7761194029850746,prophet,rolling
2025-03-15 04:00:00,30598,3.49,333,3.7731193375457512,4.820285291545386,-2.7292039219251607,12.722314179847727,0.7567567567567568,prophet,rolling
2025-03-29 04:00:00,30931,3.53,334,6.655506391427771,7.7301464308569106,-4.808549905763202,13.347343795933089,0.40718562874251496,prophet,rolling
2025-04-12 04:00:00,31265,3.57,336,4.371859602881595,4.900299252963973,-2.0350368031203807,9.542408563106715,0.7648809523809523,prophet,rolling
2025-04-26 04:00:00,31601,3.6,334,3.0382688550873422,3.6613218083726333,-1.6831413721250508,8.134095828400106,0.9011976047904192,prophet,rolling
2025-05-10 04:00:00,31935,3.64,336,2.7677841063667987,3.2947686957980427,-1.2061195890615661,8.484002817831303,0.9583333333333334,prophet,rolling
2025-05-24 04:00:00,32271,3.68,336,2.9305666782547695,3.8697720923130676,2.1813121167461986,12.492803297668452,0.8779761904761905,prophet,rolling
2025-06-07 04:00:00,32607,3.72,336,2.59264711705467,2.877846469035827,-2.246741468150271,6.212090352641127,1.0,prophet,rolling
2025-06-21 04:00:00,32943,3.76,336,2.4237551604626795,2.910580488111587,-1.4299323688583854,8.273577556458925,0.9642857142857143,prophet,rolling
2025-07-05 04:00:00,33279,3.8,336,1.601398284228744,2.1068147706841653,0.20187636105160373,7.38515444732009,0.9791666666666666,prophet,rolling
2025-07-19 04:00:00,33615,3.83,336,2.0530564188563125,2.400434472179248,-1.222260359654115,5.685439619369966,1.0,prophet,rolling
2025-08-02 04:00:00,33951,3.87,336,4.061963151026884,4.858801632936763,3.9243506048907504,11.50428314443515,0.7678571428571429,prophet,rolling
2025-08-16 04:00:00,34287,3.91,336,2.7582316495847565,3.4885071894241686,2.4451805508447486,10.668868334959479,0.9047619047619048,prophet,rolling
2025-08-30 04:00:00,34623,3.95,336,3.9400378722623453,4.4877185020626795,3.2671101869121535,11.30657053493701,0.8154761904761905,prophet,rolling
2025-09-13 04:00:00,34959,3.99,336,3.2272833894692177,3.9407325081759095,-1.3379966855218055,9.290339109201714,0.8511904761904762,prophet,rolling
2025-09-27 04:00:00,35295,4.03,336,2.770894606634197,3.1713746485487384,-0.4934224529452099,6.953247666541447,0.9613095238095238,prophet,rolling
2025-10-11 04:00:00,35631,4.06,336,2.698163139243299,3.263825898030527,1.1538731472519959,7.8307016649577115,0.9315476190476191,prophet,rolling
2025-10-25 04:00:00,35967,4.1,336,3.121162882294116,3.7567916192713366,2.187379879887539,9.773619114614677,0.8839285714285714,prophet,rolling
2025-11-08 04:00:00,36303,4.14,336,4.330549414741192,5.1271251475243975,-0.988629358732472,10.124547756941425,0.6636904761904762,prophet,rolling
2025-11-22 04:00:00,36639,4.18,336,5.197921616247948,5.995242242301343,1.2482400009523045,11.854808911318324,0.5535714285714286,prophet,rolling
2025-12-06 04:00:00,36975,4.22,336,5.5916800713980885,6.597375876406542,3.8859925819755823,14.228359617980232,0.5416666666666666,prophet,rolling
2025-12-20 04:00:00,37311,4.26,335,3.8602564283983005,4.947601956629132,-2.0334832292018326,13.021121891023686,0.7432835820895523,prophet,rolling
2026-01-03 04:00:00,37646,4.29,334,5.190179238361633,6.618890872314416,-2.6260015809401334,16.933420963167073,0.6616766467065869,prophet,rolling
2026-01-17 04:00:00,37980,4.33,335,5.885480159639278,7.128956062032756,5.126005268604035,17.515072739897366,0.5492537313432836,prophet,rolling
2026-01-31 04:00:00,38315,4.37,335,6.021928637478465,7.111472571928974,4.112210625062348,18.1399566616259,0.5074626865671642,prophet,rolling
2026-02-14 04:00:00,38650,4.41,336,5.148551183531197,5.962396827098419,-1.9162001755843177,13.04267254443407,0.6041666666666666,prophet,rolling
2026-02-28 04:00:00,38986,4.45,336,7.3506156983261235,8.557940738570066,-5.368993479502924,15.726388349486205,0.3482142857142857,prophet,rolling
2026-03-14 04:00:00,39322,4.49,336,6.114634429533691,6.93055489482692,-1.339440828738599,13.264398593208512,0.5267857142857143,prophet,rolling
2026-03-28 04:00:00,39658,4.52,332,5.132492023905073,5.966608170960909,-2.0664780654933375,11.39684692050415,0.572289156626506,prophet,rolling
2026-04-11 04:00:00,39990,4.56,336,5.9433744803116735,6.629710899310492,-4.226337933291951,11.909968399607326,0.4851190476190476,prophet,rolling
2026-04-25 04:00:00,40326,4.6,336,4.097707114175839,4.9340959861243885,2.6980564927321007,11.836385835630807,0.7678571428571429,prophet,rolling
2026-05-09 04:00:00,40662,4.64,334,4.79101611926266,5.824660223887614,-1.4730116890320744,11.185176311105966,0.6197604790419161,prophet,rolling
2026-05-23 04:00:00,40996,4.68,336,3.309437991370165,3.8660744314597912,-1.2439553381794508,9.436836733001615,0.9047619047619048,prophet,rolling
2026-06-06 04:00:00,41332,4.72,336,4.104629149552865,4.8667488624826065,-3.78343513319777,10.356043421850991,0.7708333333333334,prophet,rolling
2026-06-20 04:00:00,41668,4.75,334,2.14699737859967,2.7221490293258603,-0.17348113842410512,8.221705514132552,0.9820359281437125,prophet,rolling
2026-07-04 04:00:00,42002,4.79,336,2.2342843279764355,2.826889262335194,-0.31356146877858,9.183517825022943,0.9553571428571429,prophet,rolling
2026-07-18 04:00:00,42338,4.83,336,2.407501037356398,3.2967114139152653,0.8198083928054294,10.043882815109622,0.9226190476190477,prophet,rolling
2026-08-01 04:00:00,42674,4.87,335,2.574104436231452,2.89838928895846,-2.332240565552671,6.76032859299384,0.9940298507462687,prophet,rolling
2026-08-15 04:00:00,43009,4.91,336,2.2678518970348973,2.646635125551359,-1.0749487610210495,5.922641493614044,0.9970238095238095,prophet,rolling
2026-08-29 04:00:00,43345,4.94,336,3.2759846643995783,4.016138167695708,-2.766754005483615,9.446400154012597,0.8392857142857143,prophet,rolling
all,2710105,,34921,3.9559884625751573,5.014584315380055,-0.08729740403643725,20.33737175827078,0.771398299017783,prophet,rolling
2022-09-17 04:00:00,8760,1.0,336,3.181626984126984,3.9667627039194504,0.6408730158730156,11.426666666666666,,climatology,rolling
2022-10-01 04:00:00,9096,1.04,336,4.559027825494233,5.330603055869002,3.876115402949458,12.14666666666667,,climatology,rolling
2022-10-15 04:00:00,9432,1.08,336,3.700737332296688,4.935012189445389,2.2758477069888294,11.87777777777778,,climatology,rolling
2022-10-29 04:00:00,9768,1.11,336,6.349799203722558,7.394266279690087,-6.237358469853252,16.35333333333333,,climatology,rolling
2022-11-12 04:00:00,10104,1.15,335,4.666806332133177,5.363748913646598,1.7237000453850995,10.005263157894735,,climatology,rolling
2022-11-26 04:00:00,10439,1.19,336,4.201412554222912,5.041359543571446,-2.0515188736645644,10.633333333333335,,climatology,rolling
2022-12-10 04:00:00,10775,1.23,336,5.338781410657033,6.3978844598975,5.322302849535615,19.086666666666666,,climatology,rolling
2022-12-24 04:00:00,11111,1.27,336,6.858609980143042,8.436830097374575,2.7263385090546057,19.522727272727273,,climatology,rolling
2023-01-07 04:00:00,11447,1.31,336,6.013950986229154,7.485090827153536,-4.0500227041241805,16.726666666666667,,climatology,rolling
2023-01-21 04:00:00,11783,1.34,336,4.339608996343088,5.463971167206857,-3.7170934909716142,14.488235294117647,,climatology,rolling
2023-02-04 04:00:00,12119,1.38,336,5.5645247252609185,6.572504449578494,-3.8812372791022316,13.46875,,climatology,rolling
2023-02-18 04:00:00,12455,1.42,336,4.661365383773126,5.685770748149369,-2.8057157754449467,12.626666666666667,,climatology,rolling
2023-03-04 04:00:00,12791,1.46,336,4.613810178327711,5.450700024622932,2.4887924730797426,13.166666666666666,,climatology,rolling
2023-03-18 04:00:00,13127,1.5,336,4.153483391728568,5.001477763570127,-0.15590021146018215,11.287500000000001,,climatology,rolling
2023-04-01 04:00:00,13463,1.54,336,5.861385597932688,6.7264554143837865,-0.8762006489530954,14.420000000000002,,climatology,rolling
2023-04-15 04:00:00,13799,1.57,336,3.338432293006251,3.894852018926896,-0.6193197547160812,9.153333333333329,,climatology,rolling
2023-04-29 04:00:00,14135,1.61,336,3.0408318454142687,3.547030181543601,0.07523151816215597,8.716666666666667,,climatology,rolling
2023-05-13 04:00:00,14471,1.65,336,3.6132469543007266,4.326655301933541,2.490639095367679,9.906666666666666,,climatology,rolling
2023-05-27 04:00:00,14807,1.69,336,4.05112401177244,4.865740941792483,3.892897368776059,12.273333333333337,,climatology,rolling
2023-06-10 04:00:00,15143,1.73,336,2.2437429096106816,3.108473647549034,1.2851981948414666,9.826666666666664,,climatology,rolling
2023-06-24 04:00:00,15479,1.77,336,1.7826789544565835,2.1763455919690275,-0.7860722401999076,5.413333333333327,,climatology,rolling
2023-07-08 04:00:00,15815,1.8,336,1.7646108747821596,2.2653484934856496,-0.33717056849395227,10.409523809523808,,climatology,rolling
2023-07-22 04:00:00,16151,1.84,336,2.5797966610055774,3.1144968781097018,1.2443634800577588,8.380000000000003,,climatology,rolling
2023-08-05 04:00:00,16487,1.88,336,2.406993080043687,3.0148419106526525,-1.672181429506279,8.54,,climatology,rolling
2023-08-19 04:00:00,16823,1.92,336,2.59859821993989,3.0955908783115706,-0.8326116614408919,6.819999999999995,,climatology,rolling
2023-09-02 04:00:00,17159,1.96,336,2.945535550543982,3.6580989992042534,-1.0579278856345835,8.817647058823525,,climatology,rolling
2023-09-16 04:00:00,17495,2.0,336,2.2447971401204163,3.0850851128530765,1.0321623563218392,10.541379310344826,,climatology,rolling
2023-09-30 04:00:00,17831,2.03,336,2.415062280594744,3.0649937050972804,-0.14847041144707138,9.026666666666667,,climatology,rolling
2023-10-14 04:00:00,18167,2.07,336,2.709069996236234,3.3142382034971987,0.42923027135870645,6.93,,climatology,rolling
2023-10-28 04:00:00,18503,2.11,336,6.0569448815362374,6.791303571752373,-0.06606944048127178,12.896875,,climatology,rolling
2023-11-11 04:00:00,18839,2.15,336,3.5178931469285417,4.717264182973999,-1.6684294879976258,14.263333333333332,,climatology,rolling
2023-11-25 04:00:00,19175,2.19,336,4.148640873159586,5.174176944246813,0.6013499448670737,13.046666666666665,,climatology,rolling
2023-12-09 04:00:00,19511,2.23,336,3.9745191908338677,4.713688390056805,-0.3235643420077294,12.575,,climatology,rolling
2023-12-23 04:00:00,19847,2.26,336,4.984814912670773,5.591953790071154,0.9367492896385046,10.650000000000002,,climatology,rolling
2024-01-06 04:00:00,20183,2.3,336,3.222160599128867,4.253010565612638,-0.08091587698129109,13.613333333333333,,climatology,rolling
2024-01-20 04:00:00,20519,2.34,336,6.444133049951709,8.075619607208283,-3.7140533776924167,18.190322580645162,,climatology,rolling
2024-02-03 04:00:00,20855,2.38,336,3.1578389179137067,4.036780170233775,-0.4257763310169218,10.316666666666666,,climatology,rolling
2024-02-17 04:00:00,21191,2.42,336,4.898978970218137,5.479171574378593,3.638127167594662,9.966666666666667,,climatology,rolling
2024-03-02 04:00:00,21527,2.46,336,3.788093424230398,4.68461938300419,-3.109138722775697,12.643333333333333,,climatology,rolling
2024-03-16 04:00:00,21863,2.49,336,4.061820321949782,4.742191089756845,1.4686644355223661,9.273333333333332,,climatology,rolling
2024-03-30 04:00:00,22199,2.53,336,4.777819777475098,5.5476679232725346,-1.33985756843426,11.538235294117644,,climatology,rolling
2024-04-13 04:00:00,22535,2.57,336,3.712635660307116,4.562056667562711,-0.5657564596779151,11.98666666666667,,climatology,rolling
2024-04-27 04:00:00,22871,2.61,336,4.36933479205377,4.934966022304467,-4.21827516099414,10.153124999999996,,climatology,rolling
2024-05-11 04:00:00,23207,2.65,336,2.4951297224560856,2.9773383620040224,0.13646707941948003,7.532352941176473,,climatology,rolling
2024-05-25 04:00:00,23543,2.69,336,2.5472214530814,3.0318112647216964,-1.7117416587381986,7.639999999999999,,climatology,rolling
2024-06-08 04:00:00,23879,2.72,336,1.9601774257384161,2.3031278534864423,-1.5538868681558415,5.763333333333335,,climatology,rolling
2024-06-22 04:00:00,24215,2.76,336,3.66189285568051,4.125798765587316,-2.642980351946938,8.571111111111115,,climatology,rolling
2024-07-06 04:00:00,24551,2.8,336,2.8705690906978223,3.351215027407942,-1.5473687523426343,8.208333333333336,,climatology,rolling
2024-07-20 04:00:00,24887,2.84,336,1.9856077552639344,2.623806844881094,0.866013358755293,8.64857142857143,,climatology,rolling
2024-08-03 04:00:00,25223,2.88,336,1.7091196118476442,2.256228653877118,0.4650095177817268,8.735135135135135,,climatology,rolling
2024-08-17 04:00:00,25559,2.92,336,3.2694774904860986,3.9067671257748477,1.207447101503679,9.596666666666668,,climatology,rolling
2024-08-31 04:00:00,25895,2.95,336,3.2791943073700067,3.817669098595034,2.8705825022876135,7.512903225806454,,climatology,rolling
2024-09-14 04:00:00,26231,2.99,336,3.1755546431927244,3.84911332520994,-2.382086965306442,9.746666666666664,,climatology,rolling
2024-09-28 04:00:00,26567,3.03,336,3.2129920510624723,3.5738514916275594,-1.8660842657261156,6.466666666666666,,climatology,rolling
2024-10-12 04:00:00,26903,3.07,336,3.153044495497581,3.662182238291568,0.8615178489415234,7.92391304347826,,climatology,rolling
2024-10-26 04:00:00,27239,3.11,336,4.845640081047632,5.7109630448414,-3.834568855732109,11.633333333333335,,climatology,rolling
2024-11-09 04:00:00,27575,3.15,336,3.339683263837109,4.2883206765997945,-1.5840054213727126,13.16,,climatology,rolling
2024-11-23 04:00:00,27911,3.18,336,4.894178550212855,5.906679104986645,2.3269077286276607,12.177777777777777,,climatology,rolling
2024-12-07 04:00:00,28247,3.22,336,4.709749406999434,5.893500512008033,-2.1811962587927622,14.060416666666665,,climatology,rolling
2024-12-21 04:00:00,28583,3.26,336,4.339878824952476,5.220919170012632,1.6669950216727092,11.680952380952382,,climatology,rolling
2025-01-04 04:00:00,28919,3.3,336,5.561442319291764,6.221123450176527,5.27657459442404,10.272916666666667,,climatology,rolling
2025-01-18 04:00:00,29255,3.34,336,5.454258278969506,6.484445206990105,1.24712067392749,12.719999999999999,,climatology,rolling
2025-02-01 04:00:00,29591,3.38,336,4.84185346513839,5.799778170043279,-0.9049378089527484,13.166666666666668,,climatology,rolling
2025-02-15 04:00:00,29927,3.41,336,6.264038091412986,7.530698844239431,4.589445031966986,18.45208333333333,,climatology,rolling
2025-03-01 04:00:00,30263,3.45,335,4.059157593662161,4.924410946753995,0.6881829449056537,11.312000000000001,,climatology,rolling
2025-03-15 04:00:00,30598,3.49,333,3.4647672341323985,4.406963044828156,-1.753377727856565,13.854901960784314,,climatology,rolling
2025-03-29 04:00:00,30931,3.53,334,6.376379929279064,7.194968154507561,-3.447341713194227,13.33695652173913,,climatology,rolling
2025-04-12 04:00:00,31265,3.57,336,4.523065961109624,5.056608348197431,-2.1879496169348767,9.886,,climatology,rolling
2025-04-26 04:00:00,31601,3.6,334,3.285035543636735,3.9862232190010434,-2.1948362709904736,8.48125,,climatology,rolling
2025-05-10 04:00:00,31935,3.64,336,2.711430888770428,3.2187635559666896,-1.2154906735278612,8.657777777777781,,climatology,rolling
2025-05-24 04:00:00,32271,3.68,336,2.798236151164176,3.661797793762931,1.763622541188888,11.881632653061224,,climatology,rolling
2025-06-07 04:00:00,32607,3.72,336,2.6947333763108507,3.048755915991267,-2.3121292045657076,6.428260869565218,,climatology,rolling
2025-06-21 04:00:00,32943,3.76,336,2.8173863316053533,3.26638704682307,-2.072267877528566,7.446938775510198,,climatology,rolling
2025-07-05 04:00:00,33279,3.8,336,1.6483689486140505,2.0416055556271218,-0.5856161466207078,6.292156862745095,,climatology,rolling
2025-07-19 04:00:00,33615,3.83,336,2.0188575577460277,2.403422292509411,-1.2525786000665737,5.857777777777777,,climatology,rolling
2025-08-02 04:00:00,33951,3.87,336,3.8457852690487777,4.622952951354198,3.5223505247807,10.677083333333329,,climatology,rolling
2025-08-16 04:00:00,34287,3.91,336,2.582812509832915,3.2747998172988555,2.010764634306249,9.61777777777778,,climatology,rolling
2025-08-30 04:00:00,34623,3.95,336,4.0258801162852755,4.625038924422126,3.5317362704439277,11.837777777777777,,climatology,rolling
2025-09-13 04:00:00,34959,3.99,336,3.0349147469899727,3.597185769958508,-0.5383437418593392,8.408333333333331,,climatology,rolling
2025-09-27 04:00:00,35295,4.03,336,2.7232434223015876,3.136570544768521,0.1799063346004104,7.132786885245901,,climatology,rolling
2025-10-11 04:00:00,35631,4.06,336,2.4770319221694828,2.984087707739282,0.47053878750707084,7.149999999999999,,climatology,rolling
2025-10-25 04:00:00,35967,4.1,336,3.8211648050934977,4.50751427241904,3.432305525718666,11.534375000000002,,climatology,rolling
2025-11-08 04:00:00,36303,4.14,336,4.3720672744939755,5.305296518214628,0.12411108894842268,12.492187499999998,,climatology,rolling
2025-11-22 04:00:00,36639,4.18,336,5.344886004170421,6.119466808815824,1.4686328724420155,12.266666666666666,,climatology,rolling
2025-12-06 04:00:00,36975,4.22,336,5.957413864816498,6.983581190168265,4.308877425151026,14.653333333333332,,climatology,rolling
2025-12-20 04:00:00,37311,4.26,335,3.6801635044853036,4.599585079663757,0.438101809348625,10.547368421052632,,climatology,rolling
2026-01-03 04:00:00,37646,4.29,334,5.129202044366402,6.4872467187576675,-2.107399502399002,16.536666666666665,,climatology,rolling
2026-01-17 04:00:00,37980,4.33,335,6.131919725559968,7.404345720469133,5.085218633854755,17.46666666666667,,climatology,rolling
2026-01-31 04:00:00,38315,4.37,335,7.842525118607147,8.86382615934024,6.856365914627048,20.187396351575458,,climatology,rolling
2026-02-14 04:00:00,38650,4.41,336,4.886613361300116,5.7434114739349535,0.6320180274107555,11.391666666666667,,climatology,rolling
2026-02-28 04:00:00,38986,4.45,336,6.672726409983712,7.44458050025197,-3.131860110882849,13.858333333333334,,climatology,rolling
2026-03-14 04:00:00,39322,4.49,336,5.890292468841211,6.697389468567525,-0.31569599730092707,12.176543209876545,,climatology,rolling
2026-03-28 04:00:00,39658,4.52,332,5.077693852561084,5.676918488149029,0.18595239154393556,11.593333333333334,,climatology,rolling
2026-04-11 04:00:00,39990,4.56,336,5.386031743300772,5.939383016462234,-3.027962565380848,10.760317460317456,,climatology,rolling
2026-04-25 04:00:00,40326,4.6,336,4.3075391528425175,5.196696625344007,3.112945321999586,12.354999999999997,,climatology,rolling
2026-05-09 04:00:00,40662,4.64,334,4.670035163511419,5.513617983340169,0.10827947602074972,11.844615384615388,,climatology,rolling
2026-05-23 04:00:00,40996,4.68,336,3.0741387187296905,3.720013446093331,-0.28747256746190625,10.961194029850745,,climatology,rolling
2026-06-06 04:00:00,41332,4.72,336,3.359313406942343,3.9320284932458422,-2.5984720130931365,8.408196721311477,,climatology,rolling
2026-06-20 04:00:00,41668,4.75,334,2.127468271395754,2.7255863054848652,0.2889364155533145,8.876562500000002,,climatology,rolling
2026-07-04 04:00:00,42002,4.79,336,2.234762795269174,2.851963610268466,-0.11655755404363306,8.896923076923077,,climatology,rolling
2026-07-18 04:00:00,42338,4.83,336,2.841159595279935,3.7828390173845654,1.8954847869714204,11.12903225806452,,climatology,rolling
2026-08-01 04:00:00,42674,4.87,335,1.8607869731113913,2.2872480392859478,-1.4604380573844,6.548333333333339,,climatology,rolling
2026-08-15 04:00:00,43009,4.91,336,2.155564904845325,2.5536706174778483,-1.0415450029452262,6.038974358974361,,climatology,rolling
2026-08-29 04:00:00,43345,4.94,336,3.5047076797854158,4.17758514379243,-3.078913924296386,9.214516129032255,,climatology,rolling
all,2710105,,34921,3.902540859325929,4.919959000500512,-0.018196779219833845,20.187396351575458,,climatology,rolling
2022-09-17 04:00:00,8760,1.0,336,3.3991071428571424,4.374653047467226,1.3354166666666665,13.3,,persistence,rolling
2022-10-01 04:00:00,9096,1.04,336,3.9770833333333333,4.910323793998188,-0.852678571428571,13.3,,persistence,rolling
2022-10-15 04:00:00,9432,1.08,336,4.420238095238095,5.652148769652628,2.8404761904761906,15.0,,persistence,rolling
2022-10-29 04:00:00,9768,1.11,336,5.199702380952381,6.265943948953627,-5.008630952380952,13.9,,persistence,rolling
2022-11-12 04:00:00,10104,1.15,335,14.265970149253732,15.192585583646316,14.245671641791045,25.5,,persistence,rolling
2022-11-26 04:00:00,10439,1.19,336,3.9050595238095234,5.111486248310433,2.430654761904762,13.899999999999999,,persistence,rolling
2022-12-10 04:00:00,10775,1.23,336,5.207738095238095,6.362263186723955,5.114880952380953,15.6,,persistence,rolling
2022-12-24 04:00:00,11111,1.27,336,11.61220238095238,13.533687026224952,-6.532440476190475,26.7,,persistence,rolling
2023-01-07 04:00:00,11447,1.31,336,4.485119047619048,5.291603861644542,0.2970238095238096,13.3,,persistence,rolling
2023-01-21 04:00:00,11783,1.34,336,5.527976190476191,6.605602780612689,4.481547619047619,16.7,,persistence,rolling
2023-02-04 04:00:00,12119,1.38,336,7.803273809523809,9.31108690141566,-6.284226190476191,21.200000000000003,,persistence,rolling
2023-02-18 04:00:00,12455,1.42,336,6.5806547619047615,7.9258824805341455,1.3985119047619046,20.599999999999998,,persistence,rolling
2023-03-04 04:00:00,12791,1.46,336,8.002380952380953,9.410319183898979,7.4505952380952385,21.1,,persistence,rolling
2023-03-18 04:00:00,13127,1.5,336,4.733035714285715,5.837122068932518,1.692559523809524,14.400000000000002,,persistence,rolling
2023-04-01 04:00:00,13463,1.54,336,5.357738095238095,6.324437674984386,-0.35297619047619055,13.900000000000002,,persistence,rolling
2023-04-15 04:00:00,13799,1.57,336,3.436607142857143,4.311187688527871,1.4002976190476186,11.100000000000001,,persistence,rolling
2023-04-29 04:00:00,14135,1.61,336,3.77797619047619,4.500793580819149,0.9434523809523809,11.600000000000001,,persistence,rolling
2023-05-13 04:00:00,14471,1.65,336,3.8005952380952372,4.547723135183771,3.1999999999999993,10.599999999999998,,persistence,rolling
2023-05-27 04:00:00,14807,1.69,336,3.443452380952381,4.127016101829736,-2.863095238095238,10.600000000000001,,persistence,rolling
2023-06-10 04:00:00,15143,1.73,336,5.066071428571429,5.70417558001321,-4.4696428571428575,12.8,,persistence,rolling
2023-06-24 04:00:00,15479,1.77,336,2.899702380952381,3.5998718561849365,-2.4104166666666664,9.400000000000002,,persistence,rolling
2023-07-08 04:00:00,15815,1.8,336,2.3236111111111106,3.009303255681634,0.600992063492063,12.8,,persistence,rolling
2023-07-22 04:00:00,16151,1.84,336,2.7544642857142856,3.394809588600978,1.8604166666666664,9.5,,persistence,rolling
2023-08-05 04:00:00,16487,1.88,336,3.751686507936507,4.590715195401584,-3.358234126984126,11.099999999999998,,persistence,rolling
2023-08-19 04:00:00,16823,1.92,336,2.3208333333333333,2.888410751030169,0.6065476190476191,8.900000000000002,,persistence,rolling
2023-09-02 04:00:00,17159,1.96,336,4.860714285714286,5.633107913213164,-4.239285714285715,11.100000000000001,,persistence,rolling
2023-09-16 04:00:00,17495,2.0,336,2.5098214285714286,3.130300267051831,-0.35922619047619025,9.400000000000002,,persistence,rolling
2023-09-30 04:00:00,17831,2.03,336,2.961607142857143,3.8147153984836892,0.5312500000000002,12.200000000000001,,persistence,rolling
2023-10-14 04:00:00,18167,2.07,336,4.675297619047619,5.607002955488533,4.074107142857143,13.400000000000002,,persistence,rolling
2023-10-28 04:00:00,18503,2.11,336,6.470535714285714,8.555385034891072,5.500892857142857,18.9,,persistence,rolling
2023-11-11 04:00:00,18839,2.15,336,6.1726190476190474,7.771647952960937,3.7452380952380957,17.7,,persistence,rolling
2023-11-25 04:00:00,19175,2.19,336,4.0702380952380945,5.576160993781603,-1.5119047619047619,16.099999999999998,,persistence,rolling
2023-12-09 04:00:00,19511,2.23,336,4.744940476190477,5.700253231634705,1.8556547619047619,15.599999999999998,,persistence,rolling
2023-12-23 04:00:00,19847,2.26,336,4.049107142857143,4.977141199906782,-1.0098214285714284,12.200000000000001,,persistence,rolling
2024-01-06 04:00:00,20183,2.3,336,5.654761904761905,6.769469276517494,-4.855357142857143,20.5,,persistence,rolling
2024-01-20 04:00:00,20519,2.34,336,6.860416666666667,8.348019796563106,-2.7937500000000006,20.0,,persistence,rolling
2024-02-03 04:00:00,20855,2.38,336,4.271428571428571,4.890126106076747,1.0113095238095235,10.6,,persistence,rolling
2024-02-17 04:00:00,21191,2.42,336,4.772916666666666,5.47202028069898,2.8788690476190473,11.7,,persistence,rolling
2024-03-02 04:00:00,21527,2.46,336,6.146130952380952,7.055209574694231,-5.975297619047619,15.5,,persistence,rolling
2024-03-16 04:00:00,21863,2.49,336,6.226785714285714,7.462485542779328,5.9,15.000000000000002,,persistence,rolling
2024-03-30 04:00:00,22199,2.53,336,5.225892857142857,6.387890795053075,-3.5776785714285717,15.0,,persistence,rolling
2024-04-13 04:00:00,22535,2.57,336,4.404464285714286,5.497117751279172,0.2818452380952384,16.200000000000003,,persistence,rolling
2024-04-27 04:00:00,22871,2.61,336,6.960119047619049,7.668088636246542,-6.920238095238095,13.399999999999999,,persistence,rolling
2024-05-11 04:00:00,23207,2.65,336,2.8372023809523808,3.508879043634469,1.2580357142857141,8.900000000000002,,persistence,rolling
2024-05-25 04:00:00,23543,2.69,336,2.4482142857142857,3.2175208587032467,-0.6517857142857142,10.500000000000002,,persistence,rolling
2024-06-08 04:00:00,23879,2.72,336,1.6770833333333333,2.097582224961918,-0.25148809523809534,6.6,,persistence,rolling
2024-06-22 04:00:00,24215,2.76,336,2.9497023809523815,3.484425381335528,-1.2163690476190478,7.800000000000001,,persistence,rolling
2024-07-06 04:00:00,24551,2.8,336,2.8994047619047616,4.084938945746459,2.2017857142857142,15.600000000000001,,persistence,rolling
2024-07-20 04:00:00,24887,2.84,336,2.4324404761904765,3.3646667209186027,-1.3979166666666671,12.800000000000004,,persistence,rolling
2024-08-03 04:00:00,25223,2.88,336,3.527083333333333,4.1997059137402415,3.2574404761904763,11.700000000000003,,persistence,rolling
2024-08-17 04:00:00,25559,2.92,336,3.5288690476190485,4.210852616977323,1.384821428571429,9.5,,persistence,rolling
2024-08-31 04:00:00,25895,2.95,336,5.489880952380952,6.509356818494143,3.7166666666666672,13.4,,persistence,rolling
2024-09-14 04:00:00,26231,2.99,336,2.0857142857142854,2.6775744176221807,-1.4654761904761902,6.699999999999999,,persistence,rolling
2024-09-28 04:00:00,26567,3.03,336,5.563392857142857,6.750306430434243,5.4348214285714285,18.3,,persistence,rolling
2024-10-12 04:00:00,26903,3.07,336,2.8901785714285717,3.717562085176636,-1.4294642857142859,11.7,,persistence,rolling
2024-10-26 04:00:00,27239,3.11,336,4.603571428571429,5.614028983588473,-2.861309523809524,13.900000000000002,,persistence,rolling
2024-11-09 04:00:00,27575,3.15,336,8.54970238095238,9.455287951093569,8.54970238095238,18.299999999999997,,persistence,rolling
2024-11-23 04:00:00,27911,3.18,336,4.551488095238095,5.559641453838377,-1.2550595238095237,13.9,,persistence,rolling
2024-12-07 04:00:00,28247,3.22,336,10.188095238095238,11.41498858018326,-10.06309523809524,22.799999999999997,,persistence,rolling
2024-12-21 04:00:00,28583,3.26,336,4.5993055555555555,5.614477125704737,0.25195105820105823,13.900000000000002,,persistence,rolling
2025-01-04 04:00:00,28919,3.3,336,3.3761904761904766,4.0488902065580765,2.5916666666666663,8.9,,persistence,rolling
2025-01-18 04:00:00,29255,3.34,336,5.812136243386243,6.982423948357148,0.6345568783068783,15.0,,persistence,rolling
2025-02-01 04:00:00,29591,3.38,336,7.42797619047619,8.833560194750795,6.676190476190476,21.599999999999998,,persistence,rolling
2025-02-15 04:00:00,29927,3.41,336,5.588690476190477,6.9577509023424815,-1.7363095238095236,17.799999999999997,,persistence,rolling
2025-03-01 04:00:00,30263,3.45,335,4.210746268656717,5.08006933787443,1.022686567164179,11.7,,persistence,rolling
2025-03-15 04:00:00,30598,3.49,333,4.70623957290624,5.769398006791365,-3.82696029362696,13.9,,persistence,rolling
2025-03-29 04:00:00,30931,3.53,334,5.579940119760479,6.519774159418435,-0.9871257485029935,12.8,,persistence,rolling
2025-04-12 04:00:00,31265,3.57,336,7.79672619047619,8.927867353191942,-6.949107142857143,16.099999999999998,,persistence,rolling
2025-04-26 04:00:00,31601,3.6,334,3.0038922155688623,3.8987446160063275,1.8823353293413172,12.700000000000001,,persistence,rolling
2025-05-10 04:00:00,31935,3.64,336,2.9047619047619047,3.4737450628831072,-1.151190476190476,8.400000000000002,,persistence,rolling
2025-05-24 04:00:00,32271,3.68,336,3.1119047619047615,3.8573908650426243,-1.1892857142857145,10.0,,persistence,rolling
2025-06-07 04:00:00,32607,3.72,336,1.9047619047619044,2.41962462653473,-0.6589285714285715,8.899999999999999,,persistence,rolling
2025-06-21 04:00:00,32943,3.76,336,3.5779761904761904,4.035460379707683,-3.130952380952381,8.399999999999999,,persistence,rolling
2025-07-05 04:00:00,33279,3.8,336,1.9961309523809523,2.529180885658626,-0.230654761904762,7.799999999999997,,persistence,rolling
2025-07-19 04:00:00,33615,3.83,336,2.0559523809523808,2.668511266783856,1.3392857142857135,8.399999999999999,,persistence,rolling
2025-08-02 04:00:00,33951,3.87,336,3.0839285714285714,3.747705647332461,2.1678571428571423,8.899999999999999,,persistence,rolling
2025-08-16 04:00:00,34287,3.91,336,3.097420634920635,3.866406953967219,2.8426587301587305,11.700000000000001,,persistence,rolling
2025-08-30 04:00:00,34623,3.95,336,2.8899470899470896,3.523388303629622,0.996296296296296,11.099999999999998,,persistence,rolling
2025-09-13 04:00:00,34959,3.99,336,2.812962962962963,3.5566585384104186,-1.7144179894179896,8.3,,persistence,rolling
2025-09-27 04:00:00,35295,4.03,336,5.596726190476191,6.4852786590642575,5.5806547619047615,13.299999999999999,,persistence,rolling
2025-10-11 04:00:00,35631,4.06,336,2.733101851851852,3.3438748108646146,-0.5878637566137568,8.399999999999999,,persistence,rolling
2025-10-25 04:00:00,35967,4.1,336,2.5035714285714286,3.308862558126498,0.08273809523809528,9.400000000000002,,persistence,rolling
2025-11-08 04:00:00,36303,4.14,336,4.629265873015873,5.861535849351048,2.292361111111111,14.500000000000002,,persistence,rolling
2025-11-22 04:00:00,36639,4.18,336,7.774107142857143,8.744350216813467,5.946130952380953,17.2,,persistence,rolling
2025-12-06 04:00:00,36975,4.22,336,4.927083333333333,6.302085350255481,-1.0282738095238095,15.0,,persistence,rolling
2025-12-20 04:00:00,37311,4.26,335,6.956417910447762,8.563229269521404,5.541492537313434,19.5,,persistence,rolling
2026-01-03 04:00:00,37646,4.29,334,5.813240186294078,7.225066689969225,-1.8279441117764474,20.0,,persistence,rolling
2026-01-17 04:00:00,37980,4.33,335,4.56742951907131,5.538845383409401,-0.024212271973466266,13.9,,persistence,rolling
2026-01-31 04:00:00,38315,4.37,335,6.027164179104477,7.8749271496275,-4.889253731343284,20.6,,persistence,rolling
2026-02-14 04:00:00,38650,4.41,336,6.717625661375662,7.979238542738791,-5.602215608465609,17.3,,persistence,rolling
2026-02-28 04:00:00,38986,4.45,336,8.748313492063492,10.455068561577109,-6.922453703703703,22.299999999999997,,persistence,rolling
2026-03-14 04:00:00,39322,4.49,336,8.048842592592592,9.603644089162158,-6.205985449735449,21.7,,persistence,rolling
2026-03-28 04:00:00,39658,4.52,332,6.462048192771083,8.10846649593267,5.139156626506025,17.8,,persistence,rolling
2026-04-11 04:00:00,39990,4.56,336,6.892857142857143,7.719999537379705,-5.691071428571428,16.200000000000003,,persistence,rolling
2026-04-25 04:00:00,40326,4.6,336,6.815773809523811,8.278092502273122,6.539583333333334,18.9,,persistence,rolling
2026-05-09 04:00:00,40662,4.64,334,6.529640718562873,7.816532073285097,-5.33562874251497,14.500000000000002,,persistence,rolling
2026-05-23 04:00:00,40996,4.68,336,6.534226190476191,7.608671040332864,-5.873511904761905,16.7,,persistence,rolling
2026-06-06 04:00:00,41332,4.72,336,3.478571428571429,4.2231152459946415,-1.7035714285714287,10.000000000000002,,persistence,rolling
2026-06-20 04:00:00,41668,4.75,334,2.8571856287425152,3.566095333574765,-1.704491017964072,10.0,,persistence,rolling
2026-07-04 04:00:00,42002,4.79,336,4.369940476190476,5.317578105186787,4.287797619047619,14.999999999999996,,persistence,rolling
2026-07-18 04:00:00,42338,4.83,336,5.167195767195767,6.109791824886101,4.940410052910052,14.5,,persistence,rolling
2026-08-01 04:00:00,42674,4.87,335,2.8608955223880597,3.4752515210166237,-2.2047761194029847,7.800000000000001,,persistence,rolling
2026-08-15 04:00:00,43009,4.91,336,3.48125,4.333881604509376,3.4038690476190476,12.300000000000004,,persistence,rolling
2026-08-29 04:00:00,43345,4.94,336,3.0985119047619043,3.828678592139168,-1.8854166666666663,10.0,,persistence,rolling
all,2710105,,34921,4.792235172086837,6.2379225753201695,0.08267359023064767,26.7,,persistence,rolling
