folds,metric,challenger,reference,n_folds,mean_difference,ci_low,ci_high,challenger_wins,win_rate,significant,resolving
rolling,mae_c,climatology,raw_gfs,19,0.518599745412301,-0.06824444012362411,1.119391267920978,6,0.3157894736842105,False,True
rolling,mae_c,persistence,raw_gfs,19,1.1663662656701796,0.4771953616343756,1.910742139087912,5,0.2631578947368421,True,True
rolling,mae_c,prophet,raw_gfs,19,0.4341610058013944,-0.11835157423117713,1.0221577323024842,9,0.47368421052631576,False,True
rolling,mae_c,prophet_gfs,raw_gfs,19,-0.2321935570274703,-0.5005146038064899,0.02269358310213735,12,0.631578947368421,False,True
rolling,mae_c,prophet_gfs_all,raw_gfs,19,-0.19534980028044466,-0.4649432943719104,0.0666620322770401,12,0.631578947368421,False,True
rolling,mae_c,prophet_gfs_seasonal,raw_gfs,19,0.7036218674070672,-4.9562483738188235e-06,1.4740383205072594,9,0.47368421052631576,False,True
seasonal,mae_c,climatology,raw_gfs,2,0.61754269200559,0.3331798708207705,0.9019055131904095,0,0.0,True,False
seasonal,mae_c,persistence,raw_gfs,2,1.4206735629127296,0.951320914616681,1.8900262112087782,0,0.0,True,False
seasonal,mae_c,prophet,raw_gfs,2,0.9044501511837522,0.8911066802455943,0.9177936221219101,0,0.0,True,False
seasonal,mae_c,prophet_gfs,raw_gfs,2,-0.43625298054504613,-0.5718631235024434,-0.30064283758764887,2,1.0,True,False
seasonal,mae_c,prophet_gfs_all,raw_gfs,2,-0.37944716361416275,-0.5392474856655851,-0.2196468415627404,2,1.0,True,False
seasonal,mae_c,prophet_gfs_seasonal,raw_gfs,2,0.7201928439437455,0.4194802217294673,1.0209054661580237,0,0.0,True,False
