cutoff,scored_hours,mae_c,rmse_c,bias_c,max_abs_error_c,interval_coverage,model,folds
2022-09-17 04:00:00,336,3.089967666839105,3.7648965436516386,-0.41295892901282644,10.5059485248212,0.9910714285714286,linear,seasonal
2023-09-17 04:00:00,336,2.0306958961503034,2.814935144553431,1.1911221664362095,10.487276737950879,0.9880952380952381,linear,seasonal
2024-09-17 04:00:00,336,3.0929028621252903,3.625837476416255,-2.8123021027952846,8.692184095746804,1.0,linear,seasonal
2025-09-17 04:00:00,336,3.021784717769679,3.685521484999195,-2.3253131242082494,8.408909873521303,1.0,linear,seasonal
all,1344,2.8088377857210944,3.493854314157123,-1.0898629973950378,10.5059485248212,0.9947916666666666,linear,seasonal
2022-09-17 04:00:00,336,3.023507348589782,3.7074929740686113,-0.2734428042617282,10.444105207343185,0.9940476190476191,linear_no_anomaly,seasonal
2023-09-17 04:00:00,336,2.1053662010080756,2.906364519790577,1.3959110665341963,10.541200445499761,0.9880952380952381,linear_no_anomaly,seasonal
2024-09-17 04:00:00,336,3.086556388147319,3.621631036244765,-2.800624118853782,8.691692469959655,1.0,linear_no_anomaly,seasonal
2025-09-17 04:00:00,336,3.031388648737617,3.6648896188744366,-1.9732950404743406,8.35498421449747,1.0,linear_no_anomaly,seasonal
all,1344,2.811704646620698,3.490705020332231,-0.9128627242639136,10.541200445499761,0.9955357142857143,linear_no_anomaly,seasonal
2022-09-17 04:00:00,336,3.181626984126984,3.96676270391945,0.6408730158730158,11.426666666666662,,climatology,seasonal
2023-09-17 04:00:00,336,2.120019841269842,2.910392594292058,0.8227976190476195,10.580000000000002,,climatology,seasonal
2024-09-17 04:00:00,336,3.618144122383253,4.2024794991060945,-3.3883586381412467,9.746666666666668,,climatology,seasonal
2025-09-17 04:00:00,336,2.824106040564373,3.4387920493248645,-1.646921296296296,8.408333333333335,,climatology,seasonal
all,1344,2.9359742470861128,3.6637315711246954,-0.8929023248792267,11.426666666666662,,climatology,seasonal
2022-09-17 04:00:00,336,3.3991071428571424,4.374653047467226,1.3354166666666665,13.3,,persistence,seasonal
2023-09-17 04:00:00,336,4.251785714285714,4.9696279922095155,0.9708333333333333,12.200000000000001,,persistence,seasonal
2024-09-17 04:00:00,336,3.6675595238095244,4.694604932919327,-3.442559523809524,11.200000000000003,,persistence,seasonal
2025-09-17 04:00:00,336,4.380952380952381,5.411336205024553,-4.046428571428571,12.2,,persistence,seasonal
all,1344,3.9248511904761907,4.877413932266429,-1.2956845238095238,13.3,,persistence,seasonal
2022-09-17 04:00:00,336,3.089967666839105,3.7648965436516386,-0.41295892901282644,10.5059485248212,0.9910714285714286,linear,rolling
2022-10-01 04:00:00,336,2.8448921539764895,3.42060041358648,0.8202557839368022,7.602097930712741,1.0,linear,rolling
2022-10-15 04:00:00,336,3.3721332281457683,4.121800125611442,-0.027951371803627046,10.401368050909687,0.9910714285714286,linear,rolling
2022-10-29 04:00:00,336,6.608280096576347,7.705151360423256,-6.5235937496809315,15.617498556486925,0.6726190476190477,linear,rolling
2022-11-12 04:00:00,335,5.401437348131499,6.163280175788766,4.115784979652925,12.0398515929507,0.8865671641791045,linear,rolling
2022-11-26 04:00:00,336,4.091762413359131,4.924808234520108,-2.1555964709432955,11.88607096820617,0.9523809523809523,linear,rolling
2022-12-10 04:00:00,336,4.377979413424725,5.152900833070744,4.051160000859002,15.23785154097152,0.9642857142857143,linear,rolling
2022-12-24 04:00:00,336,7.3151081244826415,8.20961929638565,-2.4436036229276556,15.926783668370774,0.6815476190476191,linear,rolling
2023-01-07 04:00:00,336,5.09024366866232,6.087795050464443,-1.4848764445669453,13.410989185830687,0.8839285714285714,linear,rolling
2023-01-21 04:00:00,336,3.9049070292217505,4.599676814130989,0.5308225028997781,9.79278621036465,0.9970238095238095,linear,rolling
2023-02-04 04:00:00,336,5.65783773895932,6.764900780539388,-3.9698387719711965,14.345472011682661,0.8095238095238095,linear,rolling
2023-02-18 04:00:00,336,5.572412701545106,6.695474468440037,-2.7607144658135803,14.008395143504588,0.8244047619047619,linear,rolling
2023-03-04 04:00:00,336,4.963228607834498,5.951140392063434,3.676157754184013,14.290050788086637,0.8928571428571429,linear,rolling
2023-03-18 04:00:00,336,4.134760393058398,5.1062630614564695,0.2928287963562166,11.72955010633221,0.9553571428571429,linear,rolling
2023-04-01 04:00:00,336,5.465067074438854,6.338397482687263,-0.640577163215298,13.825856337425911,0.9315476190476191,linear,rolling
2023-04-15 04:00:00,336,3.2087676203315207,3.8140216677438183,0.509223604757658,8.23944139689996,1.0,linear,rolling
2023-04-29 04:00:00,336,3.246751981275798,3.845830358336419,1.2189835007957195,10.562289907078421,0.9970238095238095,linear,rolling
2023-05-13 04:00:00,336,2.9639884104290934,3.6296703570504403,1.9306191674076687,9.055321792054453,1.0,linear,rolling
2023-05-27 04:00:00,336,3.088266438743093,3.8298535020157285,2.7151732408653637,10.347271608826677,0.9940476190476191,linear,rolling
2023-06-10 04:00:00,336,2.362854461477738,2.993238246475061,0.27173724906747315,9.748492038761498,1.0,linear,rolling
2023-06-24 04:00:00,336,2.014425961184227,2.445886887560722,-1.4170182133241898,5.966630525401307,1.0,linear,rolling
2023-07-08 04:00:00,336,1.6575296975615734,2.2086773148078165,0.22217760793405125,10.950571839424857,0.9940476190476191,linear,rolling
2023-07-22 04:00:00,336,2.425035667104954,2.910786968227298,0.9446771095599981,7.894349277849926,1.0,linear,rolling
2023-08-05 04:00:00,336,1.8609245278620987,2.311342022327573,-1.0515458047518211,6.068296106468505,1.0,linear,rolling
2023-08-19 04:00:00,336,2.404238226617999,2.777010089005351,-0.8745734570392752,6.051110729195015,1.0,linear,rolling
2023-09-02 04:00:00,336,3.265132141397797,3.9648365833926564,-2.1195095325336886,9.098948216147633,1.0,linear,rolling
2023-09-16 04:00:00,336,2.196328392518054,3.0393221867300166,1.4350811688062837,10.550066122216478,0.9880952380952381,linear,rolling
2023-09-30 04:00:00,336,2.250112671405426,2.891646745562,-0.15102115881427905,8.479647009242282,1.0,linear,rolling
2023-10-14 04:00:00,336,2.878980047635283,3.5149664630327724,0.7165214005465524,7.8985426750910825,1.0,linear,rolling
2023-10-28 04:00:00,336,5.814395209660942,6.4857411873151145,-0.7808947084134601,12.329781097536136,0.8541666666666666,linear,rolling
2023-11-11 04:00:00,336,3.522925865112159,4.3246283781727595,0.17529598747219235,11.636225401352538,0.9761904761904762,linear,rolling
2023-11-25 04:00:00,336,4.354058826196271,5.465316569311862,0.4878530353279289,13.764329229628483,0.9077380952380952,linear,rolling
2023-12-09 04:00:00,336,4.209057569105307,5.1034555862507265,0.09941174541974523,14.808721624463583,0.9434523809523809,linear,rolling
2023-12-23 04:00:00,336,4.020320986097339,4.932564817956976,-1.502215442054502,11.294899018916745,0.9494047619047619,linear,rolling
2024-01-06 04:00:00,336,3.651921720301103,4.770633294047681,0.40618158930473686,13.017202522369665,0.9315476190476191,linear,rolling
2024-01-20 04:00:00,336,5.395905494988552,6.9299029017278855,-1.9946408081611076,16.83657493260691,0.8095238095238095,linear,rolling
2024-02-03 04:00:00,336,3.599351716416241,4.413787059911419,-0.5899244547604205,10.563440929200507,0.9583333333333334,linear,rolling
2024-02-17 04:00:00,336,4.193334902224143,4.696367392630626,1.8251863895060916,10.021106067222942,0.9880952380952381,linear,rolling
2024-03-02 04:00:00,336,3.357809761107779,3.961969935280345,-2.2067655826312356,9.431188394887613,0.9970238095238095,linear,rolling
2024-03-16 04:00:00,336,3.8060583218605357,4.613765583460388,2.623853703467671,9.551348276775897,0.9940476190476191,linear,rolling
2024-03-30 04:00:00,336,4.678020549758333,5.380194047306586,-1.610980477577685,10.297082095614563,0.9434523809523809,linear,rolling
2024-04-13 04:00:00,336,4.109762484879427,4.906593569916026,0.025780084585710888,12.382369423108743,0.9494047619047619,linear,rolling
2024-04-27 04:00:00,336,3.948677820534453,4.433846225824423,-3.772625160580967,9.14750502055885,1.0,linear,rolling
2024-05-11 04:00:00,336,2.6085905687460884,3.1468839458587703,0.6288518273270542,7.911892661993889,1.0,linear,rolling
2024-05-25 04:00:00,336,2.125207467422881,2.637170259753313,-0.7338081595426709,8.79698745909482,1.0,linear,rolling
2024-06-08 04:00:00,336,1.7719205622742333,2.1181653014156288,-0.9571789301623814,6.0807354876240485,1.0,linear,rolling
2024-06-22 04:00:00,336,3.29762206177049,3.7253714526728934,-2.233427291420797,7.405281338315412,1.0,linear,rolling
2024-07-06 04:00:00,336,2.283929287057669,2.9968382817403203,-0.2528635212927957,10.264228862398426,0.9761904761904762,linear,rolling
2024-07-20 04:00:00,336,2.272649261744694,3.096032936412192,1.5978423622567601,10.846635191290307,0.9761904761904762,linear,rolling
2024-08-03 04:00:00,336,2.071687621448012,2.8541843528647153,1.6578941251492714,10.401933233785929,0.9940476190476191,linear,rolling
2024-08-17 04:00:00,336,3.4907506933969925,4.115889618359012,0.9949611878948448,9.089363465911408,0.9970238095238095,linear,rolling
2024-08-31 04:00:00,336,2.6234122386373704,3.1276303051468806,2.2333901243833547,7.053827538554163,1.0,linear,rolling
2024-09-14 04:00:00,336,2.8307065749248093,3.435227617580126,-2.1104761624526573,8.712978358126112,1.0,linear,rolling
2024-09-28 04:00:00,336,2.371916682888008,2.8530621565418284,-0.5879711417869886,7.4428880533775095,1.0,linear,rolling
2024-10-12 04:00:00,336,3.765408803774893,4.345755128291151,1.5251906140282303,9.62563909890895,0.9940476190476191,linear,rolling
2024-10-26 04:00:00,336,4.90669808751902,5.740700828726288,-3.8034292263839844,11.482002051963825,0.9047619047619048,linear,rolling
2024-11-09 04:00:00,336,3.403567713040227,3.960224270733911,0.7425403651351381,9.214101171277493,0.9940476190476191,linear,rolling
2024-11-23 04:00:00,336,4.935229394935173,5.844708814418271,2.999000602740379,11.838014901668462,0.8779761904761905,linear,rolling
2024-12-07 04:00:00,336,4.358250563171497,5.528881015921895,-2.130907321568915,15.117243110001901,0.8958333333333334,linear,rolling
2024-12-21 04:00:00,336,4.869523124836476,5.862223247410231,0.8775861701737002,14.3988021283189,0.8601190476190477,linear,rolling
2025-01-04 04:00:00,336,5.9293764595821,6.532170377052614,5.925213750967425,11.18991661558148,0.8541666666666666,linear,rolling
2025-01-18 04:00:00,336,5.830370716187839,6.9888962638496785,2.1096125705319677,13.815636968984506,0.7738095238095238,linear,rolling
2025-02-01 04:00:00,336,4.234832083494685,5.248829859394361,-0.24842044561011262,13.13980908396229,0.9077380952380952,linear,rolling
2025-02-15 04:00:00,336,5.833921914291068,7.127031378382069,3.2617440712746744,17.736690346946695,0.7886904761904762,linear,rolling
2025-03-01 04:00:00,335,4.047339881580794,4.847025141967869,0.7662394450285105,11.077590780293981,0.9313432835820895,linear,rolling
2025-03-15 04:00:00,333,3.2526305152417136,3.9435215667924943,-0.5794251380859461,10.372423716521494,0.987987987987988,linear,rolling
2025-03-29 04:00:00,334,6.152622645524405,6.9512204141609875,-3.3853990495090525,11.865086311090868,0.7904191616766467,linear,rolling
2025-04-12 04:00:00,336,3.9233707406559,4.507605545817489,-2.353859266537251,10.046702270943307,0.9910714285714286,linear,rolling
2025-04-26 04:00:00,334,2.8889414007569587,3.55567482325796,-1.1828993856214487,8.860626162044948,1.0,linear,rolling
2025-05-10 04:00:00,336,2.6522378130378335,3.1693844591998914,-0.6088631699513201,8.30054249397882,1.0,linear,rolling
2025-05-24 04:00:00,336,3.186298830858349,4.151926866709119,2.625223215383685,12.987996598169435,0.9702380952380952,linear,rolling
2025-06-07 04:00:00,336,2.4233744792950436,2.7629726192673547,-2.118327545113967,6.559921934762237,1.0,linear,rolling
2025-06-21 04:00:00,336,2.7322310791559254,3.2005489791635977,-2.002459050499612,7.771422305528535,1.0,linear,rolling
2025-07-05 04:00:00,336,1.5122979572233424,1.9753470644065012,-0.06752958483346266,6.737875602905028,1.0,linear,rolling
2025-07-19 04:00:00,336,1.6546051810794826,2.0416210637323773,-0.20378894988401713,6.539061187094116,1.0,linear,rolling
2025-08-02 04:00:00,336,4.534702762349174,5.36198164898813,4.408359487434989,12.909890996866856,0.9315476190476191,linear,rolling
2025-08-16 04:00:00,336,2.5874809548868765,3.3038850427337816,2.3109835038252773,9.334627531603816,0.9970238095238095,linear,rolling
2025-08-30 04:00:00,336,3.1936609217682377,3.826178504783508,2.3419911470798986,11.041601017851256,0.9851190476190477,linear,rolling
2025-09-13 04:00:00,336,2.825088849510812,3.5277746168418322,-1.2092275815105213,8.289540486755932,1.0,linear,rolling
2025-09-27 04:00:00,336,2.7507610337668287,3.1773721500673644,0.8574592048908465,6.949705272425922,1.0,linear,rolling
2025-10-11 04:00:00,336,2.872522890101227,3.472116773267178,1.6382022373089828,8.795691046969665,1.0,linear,rolling
2025-10-25 04:00:00,336,3.319429197589084,3.9770803084781092,2.7307870924038142,10.389321941266607,0.9851190476190477,linear,rolling
2025-11-08 04:00:00,336,4.117135888652728,5.044779091355693,0.1965557294871928,11.07815009493319,0.9166666666666666,linear,rolling
2025-11-22 04:00:00,336,5.188440091552011,5.951620921091013,2.278747565668545,12.076539084360018,0.9196428571428571,linear,rolling
2025-12-06 04:00:00,336,5.148510510823916,6.285465911768823,3.473334513317605,14.059497331093635,0.8601190476190477,linear,rolling
2025-12-20 04:00:00,335,3.816375120774726,4.733735953181929,-1.002120504572547,12.37478985834707,0.9253731343283582,linear,rolling
2026-01-03 04:00:00,334,5.053382865338762,6.3483586552699585,-1.9312969579643606,15.918175444229684,0.8652694610778443,linear,rolling
2026-01-17 04:00:00,335,6.701218516331109,8.004462659928159,5.9670187768293435,18.584298128181,0.6865671641791045,linear,rolling
2026-01-31 04:00:00,335,6.258094654647877,7.199329858265643,4.981516317217713,14.065731945444924,0.7671641791044777,linear,rolling
2026-02-14 04:00:00,336,4.765832974975599,5.551166155625235,-0.12022867405125041,11.660082677349294,0.9642857142857143,linear,rolling
2026-02-28 04:00:00,336,6.814560877314101,7.794689923026522,-4.122203967635118,14.402796783128498,0.7142857142857143,linear,rolling
2026-03-14 04:00:00,336,5.822233722145974,6.727695458801744,0.29039790508709457,12.76899936047836,0.8154761904761905,linear,rolling
2026-03-28 04:00:00,332,5.107150860301785,5.714246858723293,0.04015316592715791,11.7870600297373,0.9487951807228916,linear,rolling
2026-04-11 04:00:00,336,5.883858947593852,6.437813894303763,-3.7434092907430943,11.097573905986074,0.9047619047619048,linear,rolling
2026-04-25 04:00:00,336,4.348028697440736,5.285548153794912,3.4908943565704402,12.425765289519045,0.9255952380952381,linear,rolling
2026-05-09 04:00:00,334,4.530075562306449,5.399566865321302,-0.4541148090696973,10.677421367765138,0.9461077844311377,linear,rolling
2026-05-23 04:00:00,336,2.99789340673455,3.815300899611225,0.4677329231841932,12.519334332834022,0.9702380952380952,linear,rolling
2026-06-06 04:00:00,336,3.725180047784562,4.394853628003196,-3.2704789715333904,9.76805070099919,0.9940476190476191,linear,rolling
2026-06-20 04:00:00,334,2.215327931799801,2.8160817054422034,-0.46239313920947495,8.629129612519193,1.0,linear,rolling
2026-07-04 04:00:00,336,1.962492386004899,2.5718173199647403,0.2105570809206758,10.2852345201315,0.9970238095238095,linear,rolling
2026-07-18 04:00:00,336,2.9380056654448894,3.9213812109360244,2.222843483184331,11.963950355401536,0.9553571428571429,linear,rolling
2026-08-01 04:00:00,335,1.7260792418414417,2.066101712781326,-1.0943068570547783,5.374363067676931,1.0,linear,rolling
2026-08-15 04:00:00,336,1.9456955690619855,2.2799634172124916,-0.6481867227791067,5.839548921645839,1.0,linear,rolling
2026-08-29 04:00:00,336,3.771162800179752,4.523252924754179,-3.4513667232646013,9.628060152821696,0.9970238095238095,linear,rolling
all,34921,3.7836421460747784,4.783579696613437,0.09038412026090105,18.584298128181,0.9427851436098622,linear,rolling
2022-09-17 04:00:00,336,3.023507348589782,3.7074929740686113,-0.2734428042617282,10.444105207343185,0.9940476190476191,linear_no_anomaly,rolling
2022-10-01 04:00:00,336,3.127845495464342,3.7156905558888833,1.3155088098584085,7.701314100698932,1.0,linear_no_anomaly,rolling
2022-10-15 04:00:00,336,3.4849583270810363,4.213990920758648,-0.419201809672306,10.084039272436172,0.9910714285714286,linear_no_anomaly,rolling
2022-10-29 04:00:00,336,6.789385334448758,7.814261694229448,-6.775812409191525,15.61981891167565,0.6666666666666666,linear_no_anomaly,rolling
2022-11-12 04:00:00,335,5.372973670348686,6.090440089698164,3.485024602095325,11.85190420133279,0.8985074626865671,linear_no_anomaly,rolling
2022-11-26 04:00:00,336,4.180134045481493,5.012555195243368,-2.355132195174594,11.889226268969612,0.9523809523809523,linear_no_anomaly,rolling
2022-12-10 04:00:00,336,3.957311676214636,4.8141627000010265,3.353837454738969,15.232855369407455,0.9642857142857143,linear_no_anomaly,rolling
2022-12-24 04:00:00,336,7.6322922312807195,8.573983735498736,-2.064887313550545,15.917312888405306,0.6428571428571429,linear_no_anomaly,rolling
2023-01-07 04:00:00,336,4.464693925800509,5.680832888279971,-2.5843607883336013,13.427322177678464,0.8809523809523809,linear_no_anomaly,rolling
2023-01-21 04:00:00,336,3.2627965833099033,3.9784940072690405,-0.536680898460532,10.387849912868928,0.9910714285714286,linear_no_anomaly,rolling
2023-02-04 04:00:00,336,5.73053009500918,6.830446855210282,-3.676620074304045,14.342774465323945,0.8214285714285714,linear_no_anomaly,rolling
2023-02-18 04:00:00,336,5.226124791034454,6.3094314783042265,-3.7989256115707084,13.753413578190745,0.875,linear_no_anomaly,rolling
2023-03-04 04:00:00,336,4.970840163823964,6.001766601912115,3.1214696999004237,14.238512254329931,0.8869047619047619,linear_no_anomaly,rolling
2023-03-18 04:00:00,336,4.395662001081611,5.38757720729427,0.7476318228224632,12.433205178054013,0.9196428571428571,linear_no_anomaly,rolling
2023-04-01 04:00:00,336,5.342592747904858,6.193658468577924,-0.36850844709085995,13.866675236985873,0.9434523809523809,linear_no_anomaly,rolling
2023-04-15 04:00:00,336,3.409003292720111,3.9444499381142237,0.18490634425188496,8.235363236107666,1.0,linear_no_anomaly,rolling
2023-04-29 04:00:00,336,3.3256797241236775,3.9803710613694627,1.5193840164895462,10.772871635164067,0.9940476190476191,linear_no_anomaly,rolling
2023-05-13 04:00:00,336,3.0134845171953253,3.655815018667469,1.8425375272679994,9.054167075802223,1.0,linear_no_anomaly,rolling
2023-05-27 04:00:00,336,3.6565190640917637,4.445038589380636,3.4078126712413654,11.676012899882686,0.9702380952380952,linear_no_anomaly,rolling
2023-06-10 04:00:00,336,2.183583963465364,2.902815460235138,0.8659168900803671,9.760810580237212,1.0,linear_no_anomaly,rolling
2023-06-24 04:00:00,336,1.7408355812138208,2.208167475062533,-1.0486500231554392,5.938840602033306,1.0,linear_no_anomaly,rolling
2023-07-08 04:00:00,336,1.621527819780639,2.1672858990352735,0.14871208603057495,10.714907915749475,0.9940476190476191,linear_no_anomaly,rolling
2023-07-22 04:00:00,336,2.379476754550468,2.873875455384353,0.8695795358159941,7.893404955674903,1.0,linear_no_anomaly,rolling
2023-08-05 04:00:00,336,1.773002504941399,2.2314081729475013,-0.5528853313925567,6.293990681690147,1.0,linear_no_anomaly,rolling
2023-08-19 04:00:00,336,2.4017791891628066,2.7906330668045496,-1.0160121002995894,6.049782132585078,1.0,linear_no_anomaly,rolling
2023-09-02 04:00:00,336,3.246874656116931,3.906026129953396,-1.8698350526859169,8.931068370293652,1.0,linear_no_anomaly,rolling
2023-09-16 04:00:00,336,2.2083232032016324,3.0635879686194643,1.4756525479134222,10.556545687364842,0.9880952380952381,linear_no_anomaly,rolling
2023-09-30 04:00:00,336,2.2207400970735476,2.847949512046005,0.06742646733837337,8.494809178891726,1.0,linear_no_anomaly,rolling
2023-10-14 04:00:00,336,2.8377377229864473,3.477353748855323,0.62193630173459,7.899279251092242,1.0,linear_no_anomaly,rolling
2023-10-28 04:00:00,336,6.116495001595065,6.740708904500176,-1.2431530501387156,12.102380218367669,0.8452380952380952,linear_no_anomaly,rolling
2023-11-11 04:00:00,336,3.1071732213269687,3.9466391245452748,-0.5937910527273987,11.65756991385046,0.9732142857142857,linear_no_anomaly,rolling
2023-11-25 04:00:00,336,4.345050778169992,5.458285783980072,0.4756179948915841,13.76570048666857,0.9077380952380952,linear_no_anomaly,rolling
2023-12-09 04:00:00,336,4.117152179581115,4.93371205540501,0.31379716758583787,14.013039871509337,0.9464285714285714,linear_no_anomaly,rolling
2023-12-23 04:00:00,336,3.6797746139624414,4.6006092037448925,-1.1308054458005483,10.980845390723884,0.9613095238095238,linear_no_anomaly,rolling
2024-01-06 04:00:00,336,3.488081610345795,4.650338010168322,0.8153786466074552,12.933288949549222,0.9345238095238095,linear_no_anomaly,rolling
2024-01-20 04:00:00,336,5.848654711210502,7.34538798361574,-1.3334924914267838,16.635152962385384,0.7113095238095238,linear_no_anomaly,rolling
2024-02-03 04:00:00,336,3.6231894074141966,4.429893572915478,-0.5606041265096661,10.560154817745406,0.9583333333333334,linear_no_anomaly,rolling
2024-02-17 04:00:00,336,4.1457743198293615,4.637437381889826,1.7447178773707857,10.02311839030941,0.9880952380952381,linear_no_anomaly,rolling
2024-03-02 04:00:00,336,3.338954474634243,3.945554678193542,-2.1840639929531953,9.430914581329752,0.9970238095238095,linear_no_anomaly,rolling
2024-03-16 04:00:00,336,4.038231782717771,4.721632484602544,2.058513242814349,9.508698643887698,0.9940476190476191,linear_no_anomaly,rolling
2024-03-30 04:00:00,336,4.4485738229770515,5.070545821933662,-1.1894160678480823,9.884141027944164,0.9851190476190477,linear_no_anomaly,rolling
2024-04-13 04:00:00,336,4.139084783978327,4.981339325950465,-0.3535633721713553,12.346380931450065,0.9434523809523809,linear_no_anomaly,rolling
2024-04-27 04:00:00,336,3.7147485562856737,4.253325180372817,-3.4609043464980362,9.025564690726192,1.0,linear_no_anomaly,rolling
2024-05-11 04:00:00,336,2.2991611475600617,2.7329129798389995,0.19631862875216402,7.411988561373651,1.0,linear_no_anomaly,rolling
2024-05-25 04:00:00,336,2.3833925070473727,2.8778516047867497,-1.1019987884066917,8.723039764358647,1.0,linear_no_anomaly,rolling
2024-06-08 04:00:00,336,1.8015566807913197,2.128065485555941,-1.2427215145829007,5.36577429918977,1.0,linear_no_anomaly,rolling
2024-06-22 04:00:00,336,3.4414041819163863,3.86508727224451,-2.382175633823328,7.406464093279169,1.0,linear_no_anomaly,rolling
2024-07-06 04:00:00,336,2.3989949139121203,3.062559406325902,-0.5297900921391494,9.960571801244178,0.9821428571428571,linear_no_anomaly,rolling
2024-07-20 04:00:00,336,2.3785275293014414,3.1800594908170576,1.7393979234467698,11.11081135394539,0.9761904761904762,linear_no_anomaly,rolling
2024-08-03 04:00:00,336,2.0259366641391687,2.7710002047848357,1.494800038329471,9.60832934815814,0.9940476190476191,linear_no_anomaly,rolling
2024-08-17 04:00:00,336,3.432710346759527,4.109647058246347,1.2439032707149509,9.217037124806176,0.9910714285714286,linear_no_anomaly,rolling
2024-08-31 04:00:00,336,2.579871305919531,3.05532482535378,1.8401151477819984,7.027093625320308,1.0,linear_no_anomaly,rolling
2024-09-14 04:00:00,336,2.7701078556900534,3.395895529625371,-1.967592916536942,8.711636191715545,1.0,linear_no_anomaly,rolling
2024-09-28 04:00:00,336,2.913863951475057,3.324237235799107,-1.2335128957750732,7.436824190163393,1.0,linear_no_anomaly,rolling
2024-10-12 04:00:00,336,3.8105627016842414,4.3878243864221576,2.0000696892356897,9.782886031881871,0.9851190476190477,linear_no_anomaly,rolling
2024-10-26 04:00:00,336,4.950208906652935,5.776400876847364,-3.9444763189738543,11.484186473439749,0.9047619047619048,linear_no_anomaly,rolling
2024-11-09 04:00:00,336,3.1718985193267715,3.777760514867435,-0.3781699660124648,9.242717434078495,0.9940476190476191,linear_no_anomaly,rolling
2024-11-23 04:00:00,336,4.956480904380732,5.85016015146341,3.0560625836780986,11.838415309606445,0.8779761904761905,linear_no_anomaly,rolling
2024-12-07 04:00:00,336,4.500429431021843,5.559961688261732,-1.3032253650478671,14.43180868459997,0.8869047619047619,linear_no_anomaly,rolling
2024-12-21 04:00:00,336,4.438243857280904,5.442868786355604,0.4037668375376631,14.453023941917166,0.9077380952380952,linear_no_anomaly,rolling
2025-01-04 04:00:00,336,6.11313248888898,6.700158886381626,6.109045108260257,11.233533427289915,0.8422619047619048,linear_no_anomaly,rolling
2025-01-18 04:00:00,336,5.775370645852888,7.113954094649796,2.718622633501559,14.50499353956372,0.7470238095238095,linear_no_anomaly,rolling
2025-02-01 04:00:00,336,4.60115768818,5.610042064476555,-1.0297080378198502,13.38797431651584,0.8958333333333334,linear_no_anomaly,rolling
2025-02-15 04:00:00,336,6.110648130995615,7.329429397995479,3.809508376997583,18.11275796413892,0.7916666666666666,linear_no_anomaly,rolling
2025-03-01 04:00:00,335,3.947646757500479,4.681461079939892,0.29242192936722783,10.602514930773243,0.9701492537313433,linear_no_anomaly,rolling
2025-03-15 04:00:00,333,3.3552121480168724,4.136918281882125,-0.9136906312435473,11.62903018313959,0.978978978978979,linear_no_anomaly,rolling
2025-03-29 04:00:00,334,6.036741911278596,6.83426229096921,-3.252711193730604,11.822309679931866,0.7964071856287425,linear_no_anomaly,rolling
2025-04-12 04:00:00,336,4.293948405460467,4.7943112737671765,-1.644068569452431,9.717044140535343,0.9970238095238095,linear_no_anomaly,rolling
2025-04-26 04:00:00,334,3.023959477976739,3.6704428836721763,-1.6718756896648774,7.765933201293001,1.0,linear_no_anomaly,rolling
2025-05-10 04:00:00,336,2.6047165872932347,3.10630699504453,-0.7161574229397901,8.32078596425617,1.0,linear_no_anomaly,rolling
2025-05-24 04:00:00,336,3.2684299175522975,4.2316362188295855,2.7148346465227435,13.087339092956437,0.9702380952380952,linear_no_anomaly,rolling
2025-06-07 04:00:00,336,2.507350530514703,2.8314060118479256,-2.208753718028071,6.537083208538881,1.0,linear_no_anomaly,rolling
2025-06-21 04:00:00,336,2.9351675074559194,3.390091911095443,-2.299580412264646,8.160546235505489,1.0,linear_no_anomaly,rolling
2025-07-05 04:00:00,336,1.510353615801289,1.988085710637328,0.02538973043594726,7.023779406632599,1.0,linear_no_anomaly,rolling
2025-07-19 04:00:00,336,1.6794418760637613,2.0545206578509965,-0.3000788739636077,6.538295549078757,1.0,linear_no_anomaly,rolling
2025-08-02 04:00:00,336,4.642629180184258,5.483841225460138,4.516572932215148,12.987345921440806,0.9255952380952381,linear_no_anomaly,rolling
2025-08-16 04:00:00,336,2.606751064279401,3.3171769194236953,2.397511447462276,9.336178001340679,0.9970238095238095,linear_no_anomaly,rolling
2025-08-30 04:00:00,336,3.7065505155909295,4.27685883642371,2.9781757688943986,11.100711760103007,0.9851190476190477,linear_no_anomaly,rolling
2025-09-13 04:00:00,336,3.0831980382740536,3.691119407639608,-0.8750522071892155,8.282612357744778,1.0,linear_no_anomaly,rolling
2025-09-27 04:00:00,336,2.7578654744026965,3.140040692741847,0.09041571913954856,6.711102365276888,1.0,linear_no_anomaly,rolling
2025-10-11 04:00:00,336,2.928493745175625,3.5241113890137257,1.7467714212526848,8.828085206374707,1.0,linear_no_anomaly,rolling
2025-10-25 04:00:00,336,3.618805219183789,4.291903451670089,3.043110854767468,10.757892025386928,0.9761904761904762,linear_no_anomaly,rolling
2025-11-08 04:00:00,336,4.115751685291529,5.043978140752502,0.19980999976990999,11.082238106157188,0.9166666666666666,linear_no_anomaly,rolling
2025-11-22 04:00:00,336,5.344352400846323,6.101373494640693,2.0078043208727285,12.028516732403556,0.9047619047619048,linear_no_anomaly,rolling
2025-12-06 04:00:00,336,5.852663041071797,6.857666775157522,4.249702545705798,14.110119210107884,0.8363095238095238,linear_no_anomaly,rolling
2025-12-20 04:00:00,335,3.710580264407423,4.7180031641090086,-1.3632112323571177,12.39926382365443,0.9253731343283582,linear_no_anomaly,rolling
2026-01-03 04:00:00,334,5.072695040915979,6.342669544058161,-1.7584423668880795,15.897886750445148,0.8652694610778443,linear_no_anomaly,rolling
2026-01-17 04:00:00,335,6.797728606011395,8.116767906054225,6.38787099704001,18.624106561207615,0.6716417910447762,linear_no_anomaly,rolling
2026-01-31 04:00:00,335,7.443744854029591,8.520555923764402,6.208582618632903,20.174673266995548,0.6507462686567164,linear_no_anomaly,rolling
2026-02-14 04:00:00,336,4.7661303544239235,5.550992146012267,-0.1234120071902132,11.660683284632412,0.9642857142857143,linear_no_anomaly,rolling
2026-02-28 04:00:00,336,6.830159693428432,7.791893805418619,-4.069342583819158,14.401700860104459,0.7142857142857143,linear_no_anomaly,rolling
2026-03-14 04:00:00,336,5.873110112307755,6.713368178704918,0.013928296683315316,12.43587203877526,0.8154761904761905,linear_no_anomaly,rolling
2026-03-28 04:00:00,332,4.979643935649845,5.573461037956043,-0.2718456921770002,11.782366252775091,0.9789156626506024,linear_no_anomaly,rolling
2026-04-11 04:00:00,336,5.292930621963633,5.905266833939873,-3.076204621350381,10.639504499899274,0.9255952380952381,linear_no_anomaly,rolling
2026-04-25 04:00:00,336,4.256830965673091,5.164854509073078,3.0928166482332906,12.420862826357862,0.9345238095238095,linear_no_anomaly,rolling
2026-05-09 04:00:00,334,4.656385949318376,5.49715972336699,-0.08425723360419206,11.37745793241278,0.9461077844311377,linear_no_anomaly,rolling
2026-05-23 04:00:00,336,2.9355259897058104,3.6482302428377444,0.2413006601725454,11.32178039283862,0.9732142857142857,linear_no_anomaly,rolling
2026-06-06 04:00:00,336,3.6604143053835196,4.332116842936054,-3.1933429879295234,9.749749004692635,0.9940476190476191,linear_no_anomaly,rolling
2026-06-20 04:00:00,334,2.206327633905578,2.7957609166964827,-0.6437165860545755,8.416383385991548,1.0,linear_no_anomaly,rolling
2026-07-04 04:00:00,336,2.1525606754849917,2.833524545635848,-0.29381943855643666,8.76531360483403,1.0,linear_no_anomaly,rolling
2026-07-18 04:00:00,336,2.976341049937689,3.9407338013403126,2.0327569504713714,11.934217977949032,0.9553571428571429,linear_no_anomaly,rolling
2026-08-01 04:00:00,335,1.6321594075593078,2.006888847049189,-0.8264695280875699,5.372326310448585,1.0,linear_no_anomaly,rolling
2026-08-15 04:00:00,336,2.1154483225043865,2.4747617845689835,-0.9366951318329506,5.772507224955042,1.0,linear_no_anomaly,rolling
2026-08-29 04:00:00,336,3.8008143967568153,4.545903895306643,-3.5031427867208,9.650537735305573,0.9970238095238095,linear_no_anomaly,rolling
all,34921,3.816590290951928,4.8235798601567925,0.0651395146479029,20.174673266995548,0.941009707625784,linear_no_anomaly,rolling
2022-09-17 04:00:00,336,3.181626984126984,3.96676270391945,0.6408730158730158,11.426666666666662,,climatology,rolling
2022-10-01 04:00:00,336,4.559027825494233,5.330603055869002,3.8761154029494573,12.146666666666667,,climatology,rolling
2022-10-15 04:00:00,336,3.700737332296688,4.935012189445389,2.2758477069888294,11.877777777777778,,climatology,rolling
2022-10-29 04:00:00,336,6.349799203722558,7.394266279690087,-6.237358469853252,16.35333333333333,,climatology,rolling
2022-11-12 04:00:00,335,4.666806332133177,5.363748913646598,1.7237000453850988,10.005263157894738,,climatology,rolling
2022-11-26 04:00:00,336,4.2014125542229115,5.041359543571446,-2.0515188736645644,10.633333333333333,,climatology,rolling
2022-12-10 04:00:00,336,5.338781410657033,6.3978844598975,5.322302849535615,19.086666666666666,,climatology,rolling
2022-12-24 04:00:00,336,6.858609980143042,8.436830097374575,2.7263385090546053,19.522727272727273,,climatology,rolling
2023-01-07 04:00:00,336,6.013950986229154,7.485090827153536,-4.0500227041241805,16.726666666666667,,climatology,rolling
2023-01-21 04:00:00,336,4.339608996343088,5.463971167206857,-3.7170934909716142,14.488235294117647,,climatology,rolling
2023-02-04 04:00:00,336,5.5645247252609185,6.572504449578493,-3.8812372791022316,13.46875,,climatology,rolling
2023-02-18 04:00:00,336,4.661365383773126,5.68577074814937,-2.805715775444947,12.62666666666667,,climatology,rolling
2023-03-04 04:00:00,336,4.61381017832771,5.450700024622932,2.4887924730797426,13.166666666666666,,climatology,rolling
2023-03-18 04:00:00,336,4.153483391728568,5.001477763570126,-0.15590021146018224,11.287499999999998,,climatology,rolling
2023-04-01 04:00:00,336,5.861385597932688,6.726455414383786,-0.8762006489530954,14.420000000000002,,climatology,rolling
2023-04-15 04:00:00,336,3.338432293006251,3.894852018926896,-0.6193197547160809,9.153333333333336,,climatology,rolling
2023-04-29 04:00:00,336,3.040831845414269,3.5470301815436014,0.07523151816215647,8.71666666666667,,climatology,rolling
2023-05-13 04:00:00,336,3.6132469543007266,4.326655301933541,2.490639095367679,9.90666666666667,,climatology,rolling
2023-05-27 04:00:00,336,4.051124011772439,4.865740941792483,3.892897368776059,12.27333333333334,,climatology,rolling
2023-06-10 04:00:00,336,2.2437429096106807,3.108473647549034,1.285198194841467,9.826666666666664,,climatology,rolling
2023-06-24 04:00:00,336,1.782678954456583,2.176345591969027,-0.7860722401999073,5.413333333333334,,climatology,rolling
2023-07-08 04:00:00,336,1.7646108747821596,2.26534849348565,-0.3371705684939526,10.409523809523808,,climatology,rolling
2023-07-22 04:00:00,336,2.5797966610055765,3.1144968781097018,1.2443634800577594,8.380000000000003,,climatology,rolling
2023-08-05 04:00:00,336,2.4069930800436867,3.014841910652652,-1.6721814295062793,8.539999999999996,,climatology,rolling
2023-08-19 04:00:00,336,2.59859821993989,3.0955908783115706,-0.8326116614408915,6.820000000000002,,climatology,rolling
2023-09-02 04:00:00,336,2.9455355505439815,3.658098999204253,-1.0579278856345835,8.817647058823528,,climatology,rolling
2023-09-16 04:00:00,336,2.2447971401204163,3.0850851128530765,1.0321623563218396,10.541379310344826,,climatology,rolling
2023-09-30 04:00:00,336,2.415062280594744,3.0649937050972804,-0.1484704114470712,9.026666666666666,,climatology,rolling
2023-10-14 04:00:00,336,2.7090699962362335,3.3142382034971978,0.4292302713587063,6.930000000000003,,climatology,rolling
2023-10-28 04:00:00,336,6.0569448815362374,6.791303571752373,-0.06606944048127145,12.896875,,climatology,rolling
2023-11-11 04:00:00,336,3.5178931469285417,4.717264182973999,-1.6684294879976258,14.263333333333334,,climatology,rolling
2023-11-25 04:00:00,336,4.148640873159586,5.174176944246813,0.6013499448670734,13.046666666666665,,climatology,rolling
2023-12-09 04:00:00,336,3.9745191908338677,4.713688390056805,-0.3235643420077292,12.575,,climatology,rolling
2023-12-23 04:00:00,336,4.984814912670773,5.591953790071154,0.9367492896385046,10.649999999999999,,climatology,rolling
2024-01-06 04:00:00,336,3.222160599128866,4.253010565612638,-0.080915876981291,13.613333333333333,,climatology,rolling
2024-01-20 04:00:00,336,6.444133049951709,8.075619607208283,-3.7140533776924167,18.190322580645162,,climatology,rolling
2024-02-03 04:00:00,336,3.1578389179137076,4.036780170233775,-0.42577633101692214,10.316666666666666,,climatology,rolling
2024-02-17 04:00:00,336,4.898978970218137,5.479171574378593,3.6381271675946616,9.966666666666667,,climatology,rolling
2024-03-02 04:00:00,336,3.788093424230398,4.68461938300419,-3.109138722775697,12.64333333333333,,climatology,rolling
2024-03-16 04:00:00,336,4.061820321949782,4.742191089756845,1.4686644355223661,9.273333333333332,,climatology,rolling
2024-03-30 04:00:00,336,4.777819777475098,5.5476679232725346,-1.33985756843426,11.538235294117644,,climatology,rolling
2024-04-13 04:00:00,336,3.7126356603071167,4.562056667562711,-0.5657564596779152,11.986666666666666,,climatology,rolling
2024-04-27 04:00:00,336,4.36933479205377,4.934966022304467,-4.21827516099414,10.153125,,climatology,rolling
2024-05-11 04:00:00,336,2.4951297224560856,2.9773383620040224,0.13646707941947978,7.532352941176466,,climatology,rolling
2024-05-25 04:00:00,336,2.5472214530814,3.0318112647216964,-1.7117416587381982,7.640000000000002,,climatology,rolling
2024-06-08 04:00:00,336,1.9601774257384161,2.3031278534864423,-1.553886868155842,5.763333333333335,,climatology,rolling
2024-06-22 04:00:00,336,3.6618928556805095,4.125798765587316,-2.642980351946938,8.571111111111112,,climatology,rolling
2024-07-06 04:00:00,336,2.8705690906978227,3.351215027407943,-1.5473687523426343,8.208333333333336,,climatology,rolling
2024-07-20 04:00:00,336,1.9856077552639344,2.6238068448810945,0.8660133587552933,8.64857142857143,,climatology,rolling
2024-08-03 04:00:00,336,1.7091196118476437,2.2562286538771175,0.46500951778172644,8.735135135135138,,climatology,rolling
2024-08-17 04:00:00,336,3.2694774904860986,3.9067671257748477,1.2074471015036792,9.596666666666668,,climatology,rolling
2024-08-31 04:00:00,336,3.2791943073700067,3.8176690985950335,2.8705825022876135,7.512903225806443,,climatology,rolling
2024-09-14 04:00:00,336,3.1755546431927244,3.84911332520994,-2.382086965306442,9.746666666666668,,climatology,rolling
2024-09-28 04:00:00,336,3.2129920510624723,3.5738514916275594,-1.8660842657261156,6.466666666666666,,climatology,rolling
2024-10-12 04:00:00,336,3.153044495497581,3.6621822382915674,0.8615178489415233,7.923913043478262,,climatology,rolling
2024-10-26 04:00:00,336,4.845640081047632,5.710963044841401,-3.834568855732109,11.633333333333335,,climatology,rolling
2024-11-09 04:00:00,336,3.339683263837109,4.2883206765997945,-1.5840054213727124,13.16,,climatology,rolling
2024-11-23 04:00:00,336,4.894178550212855,5.906679104986645,2.3269077286276607,12.177777777777777,,climatology,rolling
2024-12-07 04:00:00,336,4.709749406999434,5.893500512008033,-2.1811962587927622,14.060416666666665,,climatology,rolling
2024-12-21 04:00:00,336,4.339878824952476,5.220919170012632,1.6669950216727096,11.680952380952382,,climatology,rolling
2025-01-04 04:00:00,336,5.561442319291764,6.221123450176528,5.27657459442404,10.272916666666667,,climatology,rolling
2025-01-18 04:00:00,336,5.454258278969506,6.484445206990105,1.24712067392749,12.719999999999999,,climatology,rolling
2025-02-01 04:00:00,336,4.84185346513839,5.799778170043279,-0.9049378089527487,13.166666666666668,,climatology,rolling
2025-02-15 04:00:00,336,6.264038091412986,7.530698844239431,4.589445031966985,18.452083333333334,,climatology,rolling
2025-03-01 04:00:00,335,4.05915759366216,4.924410946753995,0.6881829449056538,11.312000000000001,,climatology,rolling
2025-03-15 04:00:00,333,3.4647672341323976,4.406963044828156,-1.7533777278565656,13.854901960784314,,climatology,rolling
2025-03-29 04:00:00,334,6.376379929279064,7.194968154507561,-3.447341713194227,13.33695652173913,,climatology,rolling
2025-04-12 04:00:00,336,4.523065961109624,5.056608348197431,-2.1879496169348767,9.886,,climatology,rolling
2025-04-26 04:00:00,334,3.285035543636735,3.986223219001044,-2.194836270990474,8.481250000000003,,climatology,rolling
2025-05-10 04:00:00,336,2.711430888770428,3.2187635559666896,-1.215490673527861,8.657777777777778,,climatology,rolling
2025-05-24 04:00:00,336,2.7982361511641765,3.661797793762931,1.7636225411888877,11.88163265306122,,climatology,rolling
2025-06-07 04:00:00,336,2.6947333763108503,3.0487559159912667,-2.3121292045657067,6.428260869565218,,climatology,rolling
2025-06-21 04:00:00,336,2.8173863316053533,3.2663870468230694,-2.0722678775285663,7.446938775510198,,climatology,rolling
2025-07-05 04:00:00,336,1.648368948614051,2.0416055556271213,-0.5856161466207082,6.292156862745095,,climatology,rolling
2025-07-19 04:00:00,336,2.0188575577460277,2.4034222925094113,-1.2525786000665742,5.857777777777784,,climatology,rolling
2025-08-02 04:00:00,336,3.845785269048777,4.622952951354198,3.522350524780699,10.677083333333329,,climatology,rolling
2025-08-16 04:00:00,336,2.582812509832915,3.274799817298856,2.010764634306249,9.617777777777777,,climatology,rolling
2025-08-30 04:00:00,336,4.0258801162852755,4.625038924422126,3.5317362704439277,11.837777777777777,,climatology,rolling
2025-09-13 04:00:00,336,3.034914746989972,3.597185769958508,-0.5383437418593385,8.408333333333335,,climatology,rolling
2025-09-27 04:00:00,336,2.7232434223015867,3.136570544768521,0.17990633460041006,7.132786885245901,,climatology,rolling
2025-10-11 04:00:00,336,2.4770319221694828,2.984087707739282,0.47053878750707084,7.149999999999999,,climatology,rolling
2025-10-25 04:00:00,336,3.821164805093497,4.50751427241904,3.432305525718665,11.534374999999999,,climatology,rolling
2025-11-08 04:00:00,336,4.3720672744939755,5.305296518214628,0.12411108894842268,12.492187499999998,,climatology,rolling
2025-11-22 04:00:00,336,5.344886004170421,6.119466808815824,1.468632872442016,12.266666666666666,,climatology,rolling
2025-12-06 04:00:00,336,5.957413864816498,6.983581190168265,4.308877425151026,14.653333333333334,,climatology,rolling
2025-12-20 04:00:00,335,3.6801635044853036,4.599585079663757,0.438101809348625,10.547368421052632,,climatology,rolling
2026-01-03 04:00:00,334,5.129202044366402,6.4872467187576675,-2.107399502399002,16.53666666666667,,climatology,rolling
2026-01-17 04:00:00,335,6.131919725559968,7.404345720469133,5.085218633854756,17.46666666666667,,climatology,rolling
2026-01-31 04:00:00,335,7.842525118607147,8.86382615934024,6.856365914627048,20.187396351575458,,climatology,rolling
2026-02-14 04:00:00,336,4.886613361300115,5.7434114739349535,0.6320180274107559,11.391666666666666,,climatology,rolling
2026-02-28 04:00:00,336,6.6727264099837145,7.44458050025197,-3.131860110882849,13.858333333333334,,climatology,rolling
2026-03-14 04:00:00,336,5.890292468841211,6.697389468567525,-0.31569599730092757,12.176543209876545,,climatology,rolling
2026-03-28 04:00:00,332,5.077693852561084,5.676918488149029,0.18595239154393572,11.593333333333335,,climatology,rolling
2026-04-11 04:00:00,336,5.386031743300772,5.939383016462234,-3.0279625653808475,10.76031746031746,,climatology,rolling
2026-04-25 04:00:00,336,4.3075391528425175,5.196696625344006,3.112945321999586,12.354999999999997,,climatology,rolling
2026-05-09 04:00:00,334,4.670035163511418,5.513617983340169,0.10827947602074939,11.84461538461538,,climatology,rolling
2026-05-23 04:00:00,336,3.0741387187296905,3.720013446093331,-0.2874725674619058,10.961194029850752,,climatology,rolling
2026-06-06 04:00:00,336,3.3593134069423423,3.9320284932458422,-2.598472013093137,8.408196721311477,,climatology,rolling
2026-06-20 04:00:00,334,2.127468271395754,2.7255863054848652,0.2889364155533148,8.87656250000001,,climatology,rolling
2026-07-04 04:00:00,336,2.234762795269174,2.8519636102684656,-0.11655755404363327,8.89692307692307,,climatology,rolling
2026-07-18 04:00:00,336,2.8411595952799353,3.7828390173845654,1.8954847869714202,11.12903225806452,,climatology,rolling
2026-08-01 04:00:00,335,1.8607869731113909,2.2872480392859478,-1.4604380573843998,6.548333333333339,,climatology,rolling
2026-08-15 04:00:00,336,2.1555649048453254,2.5536706174778483,-1.0415450029452262,6.0389743589743645,,climatology,rolling
2026-08-29 04:00:00,336,3.5047076797854158,4.17758514379243,-3.078913924296387,9.214516129032258,,climatology,rolling
all,34921,3.902540859325929,4.919959000500512,-0.018196779219833883,20.187396351575458,,climatology,rolling
2022-09-17 04:00:00,336,3.3991071428571424,4.374653047467226,1.3354166666666665,13.3,,persistence,rolling
2022-10-01 04:00:00,336,3.9770833333333333,4.910323793998188,-0.852678571428571,13.3,,persistence,rolling
2022-10-15 04:00:00,336,4.420238095238095,5.652148769652628,2.8404761904761906,15.0,,persistence,rolling
2022-10-29 04:00:00,336,5.199702380952381,6.265943948953627,-5.008630952380952,13.9,,persistence,rolling
2022-11-12 04:00:00,335,14.265970149253732,15.192585583646316,14.245671641791045,25.5,,persistence,rolling
2022-11-26 04:00:00,336,3.9050595238095234,5.111486248310433,2.430654761904762,13.899999999999999,,persistence,rolling
2022-12-10 04:00:00,336,5.207738095238095,6.362263186723955,5.114880952380953,15.6,,persistence,rolling
2022-12-24 04:00:00,336,11.61220238095238,13.533687026224952,-6.532440476190475,26.7,,persistence,rolling
2023-01-07 04:00:00,336,4.485119047619048,5.291603861644542,0.2970238095238096,13.3,,persistence,rolling
2023-01-21 04:00:00,336,5.527976190476191,6.605602780612689,4.481547619047619,16.7,,persistence,rolling
2023-02-04 04:00:00,336,7.803273809523809,9.31108690141566,-6.284226190476191,21.200000000000003,,persistence,rolling
2023-02-18 04:00:00,336,6.5806547619047615,7.9258824805341455,1.3985119047619046,20.599999999999998,,persistence,rolling
2023-03-04 04:00:00,336,8.002380952380953,9.410319183898979,7.4505952380952385,21.1,,persistence,rolling
2023-03-18 04:00:00,336,4.733035714285715,5.837122068932518,1.692559523809524,14.400000000000002,,persistence,rolling
2023-04-01 04:00:00,336,5.357738095238095,6.324437674984386,-0.35297619047619055,13.900000000000002,,persistence,rolling
2023-04-15 04:00:00,336,3.436607142857143,4.311187688527871,1.4002976190476186,11.100000000000001,,persistence,rolling
2023-04-29 04:00:00,336,3.77797619047619,4.500793580819149,0.9434523809523809,11.600000000000001,,persistence,rolling
2023-05-13 04:00:00,336,3.8005952380952372,4.547723135183771,3.1999999999999993,10.599999999999998,,persistence,rolling
2023-05-27 04:00:00,336,3.443452380952381,4.127016101829736,-2.863095238095238,10.600000000000001,,persistence,rolling
2023-06-10 04:00:00,336,5.066071428571429,5.70417558001321,-4.4696428571428575,12.8,,persistence,rolling
2023-06-24 04:00:00,336,2.899702380952381,3.5998718561849365,-2.4104166666666664,9.400000000000002,,persistence,rolling
2023-07-08 04:00:00,336,2.3236111111111106,3.009303255681634,0.600992063492063,12.8,,persistence,rolling
2023-07-22 04:00:00,336,2.7544642857142856,3.394809588600978,1.8604166666666664,9.5,,persistence,rolling
2023-08-05 04:00:00,336,3.751686507936507,4.590715195401584,-3.358234126984126,11.099999999999998,,persistence,rolling
2023-08-19 04:00:00,336,2.3208333333333333,2.888410751030169,0.6065476190476191,8.900000000000002,,persistence,rolling
2023-09-02 04:00:00,336,4.860714285714286,5.633107913213164,-4.239285714285715,11.100000000000001,,persistence,rolling
2023-09-16 04:00:00,336,2.5098214285714286,3.130300267051831,-0.35922619047619025,9.400000000000002,,persistence,rolling
2023-09-30 04:00:00,336,2.961607142857143,3.8147153984836892,0.5312500000000002,12.200000000000001,,persistence,rolling
2023-10-14 04:00:00,336,4.675297619047619,5.607002955488533,4.074107142857143,13.400000000000002,,persistence,rolling
2023-10-28 04:00:00,336,6.470535714285714,8.555385034891072,5.500892857142857,18.9,,persistence,rolling
2023-11-11 04:00:00,336,6.1726190476190474,7.771647952960937,3.7452380952380957,17.7,,persistence,rolling
2023-11-25 04:00:00,336,4.0702380952380945,5.576160993781603,-1.5119047619047619,16.099999999999998,,persistence,rolling
2023-12-09 04:00:00,336,4.744940476190477,5.700253231634705,1.8556547619047619,15.599999999999998,,persistence,rolling
2023-12-23 04:00:00,336,4.049107142857143,4.977141199906782,-1.0098214285714284,12.200000000000001,,persistence,rolling
2024-01-06 04:00:00,336,5.654761904761905,6.769469276517494,-4.855357142857143,20.5,,persistence,rolling
2024-01-20 04:00:00,336,6.860416666666667,8.348019796563106,-2.7937500000000006,20.0,,persistence,rolling
2024-02-03 04:00:00,336,4.271428571428571,4.890126106076747,1.0113095238095235,10.6,,persistence,rolling
2024-02-17 04:00:00,336,4.772916666666666,5.47202028069898,2.8788690476190473,11.7,,persistence,rolling
2024-03-02 04:00:00,336,6.146130952380952,7.055209574694231,-5.975297619047619,15.5,,persistence,rolling
2024-03-16 04:00:00,336,6.226785714285714,7.462485542779328,5.9,15.000000000000002,,persistence,rolling
2024-03-30 04:00:00,336,5.225892857142857,6.387890795053075,-3.5776785714285717,15.0,,persistence,rolling
2024-04-13 04:00:00,336,4.404464285714286,5.497117751279172,0.2818452380952384,16.200000000000003,,persistence,rolling
2024-04-27 04:00:00,336,6.960119047619049,7.668088636246542,-6.920238095238095,13.399999999999999,,persistence,rolling
2024-05-11 04:00:00,336,2.8372023809523808,3.508879043634469,1.2580357142857141,8.900000000000002,,persistence,rolling
2024-05-25 04:00:00,336,2.4482142857142857,3.2175208587032467,-0.6517857142857142,10.500000000000002,,persistence,rolling
2024-06-08 04:00:00,336,1.6770833333333333,2.097582224961918,-0.25148809523809534,6.6,,persistence,rolling
2024-06-22 04:00:00,336,2.9497023809523815,3.484425381335528,-1.2163690476190478,7.800000000000001,,persistence,rolling
2024-07-06 04:00:00,336,2.8994047619047616,4.084938945746459,2.2017857142857142,15.600000000000001,,persistence,rolling
2024-07-20 04:00:00,336,2.4324404761904765,3.3646667209186027,-1.3979166666666671,12.800000000000004,,persistence,rolling
2024-08-03 04:00:00,336,3.527083333333333,4.1997059137402415,3.2574404761904763,11.700000000000003,,persistence,rolling
2024-08-17 04:00:00,336,3.5288690476190485,4.210852616977323,1.384821428571429,9.5,,persistence,rolling
2024-08-31 04:00:00,336,5.489880952380952,6.509356818494143,3.7166666666666672,13.4,,persistence,rolling
2024-09-14 04:00:00,336,2.0857142857142854,2.6775744176221807,-1.4654761904761902,6.699999999999999,,persistence,rolling
2024-09-28 04:00:00,336,5.563392857142857,6.750306430434243,5.4348214285714285,18.3,,persistence,rolling
2024-10-12 04:00:00,336,2.8901785714285717,3.717562085176636,-1.4294642857142859,11.7,,persistence,rolling
2024-10-26 04:00:00,336,4.603571428571429,5.614028983588473,-2.861309523809524,13.900000000000002,,persistence,rolling
2024-11-09 04:00:00,336,8.54970238095238,9.455287951093569,8.54970238095238,18.299999999999997,,persistence,rolling
2024-11-23 04:00:00,336,4.551488095238095,5.559641453838377,-1.2550595238095237,13.9,,persistence,rolling
2024-12-07 04:00:00,336,10.188095238095238,11.41498858018326,-10.06309523809524,22.799999999999997,,persistence,rolling
2024-12-21 04:00:00,336,4.5993055555555555,5.614477125704737,0.25195105820105823,13.900000000000002,,persistence,rolling
2025-01-04 04:00:00,336,3.3761904761904766,4.0488902065580765,2.5916666666666663,8.9,,persistence,rolling
2025-01-18 04:00:00,336,5.812136243386243,6.982423948357148,0.6345568783068783,15.0,,persistence,rolling
2025-02-01 04:00:00,336,7.42797619047619,8.833560194750795,6.676190476190476,21.599999999999998,,persistence,rolling
2025-02-15 04:00:00,336,5.588690476190477,6.9577509023424815,-1.7363095238095236,17.799999999999997,,persistence,rolling
2025-03-01 04:00:00,335,4.210746268656717,5.08006933787443,1.022686567164179,11.7,,persistence,rolling
2025-03-15 04:00:00,333,4.70623957290624,5.769398006791365,-3.82696029362696,13.9,,persistence,rolling
2025-03-29 04:00:00,334,5.579940119760479,6.519774159418435,-0.9871257485029935,12.8,,persistence,rolling
2025-04-12 04:00:00,336,7.79672619047619,8.927867353191942,-6.949107142857143,16.099999999999998,,persistence,rolling
2025-04-26 04:00:00,334,3.0038922155688623,3.8987446160063275,1.8823353293413172,12.700000000000001,,persistence,rolling
2025-05-10 04:00:00,336,2.9047619047619047,3.4737450628831072,-1.151190476190476,8.400000000000002,,persistence,rolling
2025-05-24 04:00:00,336,3.1119047619047615,3.8573908650426243,-1.1892857142857145,10.0,,persistence,rolling
2025-06-07 04:00:00,336,1.9047619047619044,2.41962462653473,-0.6589285714285715,8.899999999999999,,persistence,rolling
2025-06-21 04:00:00,336,3.5779761904761904,4.035460379707683,-3.130952380952381,8.399999999999999,,persistence,rolling
2025-07-05 04:00:00,336,1.9961309523809523,2.529180885658626,-0.230654761904762,7.799999999999997,,persistence,rolling
2025-07-19 04:00:00,336,2.0559523809523808,2.668511266783856,1.3392857142857135,8.399999999999999,,persistence,rolling
2025-08-02 04:00:00,336,3.0839285714285714,3.747705647332461,2.1678571428571423,8.899999999999999,,persistence,rolling
2025-08-16 04:00:00,336,3.097420634920635,3.866406953967219,2.8426587301587305,11.700000000000001,,persistence,rolling
2025-08-30 04:00:00,336,2.8899470899470896,3.523388303629622,0.996296296296296,11.099999999999998,,persistence,rolling
2025-09-13 04:00:00,336,2.812962962962963,3.5566585384104186,-1.7144179894179896,8.3,,persistence,rolling
2025-09-27 04:00:00,336,5.596726190476191,6.4852786590642575,5.5806547619047615,13.299999999999999,,persistence,rolling
2025-10-11 04:00:00,336,2.733101851851852,3.3438748108646146,-0.5878637566137568,8.399999999999999,,persistence,rolling
2025-10-25 04:00:00,336,2.5035714285714286,3.308862558126498,0.08273809523809528,9.400000000000002,,persistence,rolling
2025-11-08 04:00:00,336,4.629265873015873,5.861535849351048,2.292361111111111,14.500000000000002,,persistence,rolling
2025-11-22 04:00:00,336,7.774107142857143,8.744350216813467,5.946130952380953,17.2,,persistence,rolling
2025-12-06 04:00:00,336,4.927083333333333,6.302085350255481,-1.0282738095238095,15.0,,persistence,rolling
2025-12-20 04:00:00,335,6.956417910447762,8.563229269521404,5.541492537313434,19.5,,persistence,rolling
2026-01-03 04:00:00,334,5.813240186294078,7.225066689969225,-1.8279441117764474,20.0,,persistence,rolling
2026-01-17 04:00:00,335,4.56742951907131,5.538845383409401,-0.024212271973466266,13.9,,persistence,rolling
2026-01-31 04:00:00,335,6.027164179104477,7.8749271496275,-4.889253731343284,20.6,,persistence,rolling
2026-02-14 04:00:00,336,6.717625661375662,7.979238542738791,-5.602215608465609,17.3,,persistence,rolling
2026-02-28 04:00:00,336,8.748313492063492,10.455068561577109,-6.922453703703703,22.299999999999997,,persistence,rolling
2026-03-14 04:00:00,336,8.048842592592592,9.603644089162158,-6.205985449735449,21.7,,persistence,rolling
2026-03-28 04:00:00,332,6.462048192771083,8.10846649593267,5.139156626506025,17.8,,persistence,rolling
2026-04-11 04:00:00,336,6.892857142857143,7.719999537379705,-5.691071428571428,16.200000000000003,,persistence,rolling
2026-04-25 04:00:00,336,6.815773809523811,8.278092502273122,6.539583333333334,18.9,,persistence,rolling
2026-05-09 04:00:00,334,6.529640718562873,7.816532073285097,-5.33562874251497,14.500000000000002,,persistence,rolling
2026-05-23 04:00:00,336,6.534226190476191,7.608671040332864,-5.873511904761905,16.7,,persistence,rolling
2026-06-06 04:00:00,336,3.478571428571429,4.2231152459946415,-1.7035714285714287,10.000000000000002,,persistence,rolling
2026-06-20 04:00:00,334,2.8571856287425152,3.566095333574765,-1.704491017964072,10.0,,persistence,rolling
2026-07-04 04:00:00,336,4.369940476190476,5.317578105186787,4.287797619047619,14.999999999999996,,persistence,rolling
2026-07-18 04:00:00,336,5.167195767195767,6.109791824886101,4.940410052910052,14.5,,persistence,rolling
2026-08-01 04:00:00,335,2.8608955223880597,3.4752515210166237,-2.2047761194029847,7.800000000000001,,persistence,rolling
2026-08-15 04:00:00,336,3.48125,4.333881604509376,3.4038690476190476,12.300000000000004,,persistence,rolling
2026-08-29 04:00:00,336,3.0985119047619043,3.828678592139168,-1.8854166666666663,10.0,,persistence,rolling
all,34921,4.792235172086837,6.2379225753201695,0.08267359023064767,26.7,,persistence,rolling
2024-09-17 04:00:00,336,3.2718926448251078,3.778552023546434,-3.1608245064155422,8.155931437838918,0.9404761904761905,linear_gfs,gfs_seasonal
2025-09-17 04:00:00,336,2.3872922193744612,3.017740951626056,-1.4694626408211768,7.4875492612270556,0.9642857142857143,linear_gfs,gfs_seasonal
all,672,2.8295924320997847,3.4193724457689445,-2.3151435736183594,8.155931437838918,0.9523809523809523,linear_gfs,gfs_seasonal
2024-09-17 04:00:00,336,2.716238609192843,3.3046731480320832,-2.090278298514195,7.826269531249967,,raw_gfs,gfs_seasonal
2025-09-17 04:00:00,336,2.490926169743603,3.3059029906786686,-1.120745355515216,9.050000000000058,,raw_gfs,gfs_seasonal
all,672,2.6035823894682233,3.305288126555871,-1.6055118270147057,9.050000000000058,,raw_gfs,gfs_seasonal
2024-09-17 04:00:00,336,3.0929028621252903,3.625837476416255,-2.8123021027952846,8.692184095746804,1.0,linear,gfs_seasonal
2025-09-17 04:00:00,336,3.021784717769679,3.685521484999195,-2.3253131242082494,8.408909873521303,1.0,linear,gfs_seasonal
all,672,3.0573437899474847,3.655801281646424,-2.5688076135017672,8.692184095746804,1.0,linear,gfs_seasonal
2024-09-17 04:00:00,336,3.618144122383253,4.2024794991060945,-3.3883586381412467,9.746666666666668,,climatology,gfs_seasonal
2025-09-17 04:00:00,336,2.824106040564373,3.4387920493248645,-1.646921296296296,8.408333333333335,,climatology,gfs_seasonal
all,672,3.221125081473813,3.8396695625344455,-2.5176399672187713,9.746666666666668,,climatology,gfs_seasonal
2023-10-14 04:00:00,336,2.2399861739657076,2.686470924535937,-0.5732402136886718,6.630260269947101,1.0,linear_gfs,gfs_rolling
2023-12-09 04:00:00,336,3.3536420614876183,4.045921065496382,0.3568007881234956,9.889174097724222,0.875,linear_gfs,gfs_rolling
2024-02-03 04:00:00,336,2.2128770754656912,2.8994038873030443,-1.366393328582264,7.552975195157099,0.9583333333333334,linear_gfs,gfs_rolling
2024-03-30 04:00:00,336,2.2060060704940794,2.7022601505398947,0.9491521661531506,7.286413557734064,0.9821428571428571,linear_gfs,gfs_rolling
2024-05-25 04:00:00,336,2.243173356784112,2.7261799803493707,-0.00698361411019081,6.619385830715611,0.9910714285714286,linear_gfs,gfs_rolling
2024-07-20 04:00:00,336,2.07851203803877,2.9265213551116274,1.4039692186199804,11.389188675704759,0.9523809523809523,linear_gfs,gfs_rolling
2024-09-14 04:00:00,336,3.614099894180391,4.128050105597538,-3.1707808014576333,9.395314145450211,0.8958333333333334,linear_gfs,gfs_rolling
2024-11-09 04:00:00,336,2.504047314618974,3.1967535681050188,0.08536735235801739,9.829178870112893,0.9523809523809523,linear_gfs,gfs_rolling
2025-01-04 04:00:00,336,2.6741862984772617,3.2006359824593194,2.339124406110265,7.754257230197737,0.9672619047619048,linear_gfs,gfs_rolling
2025-03-01 04:00:00,335,2.445357476720998,2.8863274786335587,-0.16287746463778494,8.548389337924139,0.982089552238806,linear_gfs,gfs_rolling
2025-04-26 04:00:00,334,1.9608221836254607,2.4614842191004347,-0.16300384488466976,8.920481844381829,0.9970059880239521,linear_gfs,gfs_rolling
2025-06-21 04:00:00,336,1.7900392156134717,2.3435046751284867,-0.026884321128673654,8.891627612546312,0.9851190476190477,linear_gfs,gfs_rolling
2025-08-16 04:00:00,336,2.602661592538579,3.2819091699747687,2.4113754670018874,8.510445383323779,0.9464285714285714,linear_gfs,gfs_rolling
2025-10-11 04:00:00,336,2.764951360209095,3.717871797681739,1.6639560495670402,11.093231026156152,0.8601190476190477,linear_gfs,gfs_rolling
2025-12-06 04:00:00,336,4.733459660560415,5.872334764340087,1.5969875826939064,15.336439687043216,0.7380952380952381,linear_gfs,gfs_rolling
2026-01-31 04:00:00,335,3.0133560887530666,4.088142312270001,0.5246367680592141,12.15073795494471,0.8835820895522388,linear_gfs,gfs_rolling
2026-03-28 04:00:00,332,2.9077076496267202,4.0136333572627425,0.3832501258379262,15.889388353707423,0.9006024096385542,linear_gfs,gfs_rolling
2026-05-23 04:00:00,336,3.2135081126192997,4.058830103903705,-0.19522823661601119,10.21867016020948,0.8690476190476191,linear_gfs,gfs_rolling
2026-07-18 04:00:00,336,2.8704677992138774,3.8068044538135797,2.4679018436291926,11.360039201701262,0.9047619047619048,linear_gfs,gfs_rolling
all,6376,2.7068830378912505,3.5208885348259016,0.44858640350489076,15.889388353707423,0.9284818067754078,linear_gfs,gfs_rolling
2023-10-14 04:00:00,336,2.197338629828555,2.7227210966567443,-0.2830285499209125,6.770468750000038,,raw_gfs,gfs_rolling
2023-12-09 04:00:00,336,2.905418565538194,3.515606088240812,0.05697591145836307,8.582975260416685,,raw_gfs,gfs_rolling
2024-02-03 04:00:00,336,3.250582038031661,4.068580545683074,-3.120478646414592,11.983476562499986,,raw_gfs,gfs_rolling
2024-03-30 04:00:00,336,2.6079983302524914,3.18362202508649,-1.936788322812001,10.081713867187489,,raw_gfs,gfs_rolling
2024-05-25 04:00:00,336,3.787018282451301,4.824088532774623,-3.4706577119372795,12.127978515624978,,raw_gfs,gfs_rolling
2024-07-20 04:00:00,336,2.3510470556834453,3.184439178944779,1.0073703220912742,12.652343750000036,,raw_gfs,gfs_rolling
2024-09-14 04:00:00,336,3.2704532926044565,4.120364818806074,-2.6390006655738136,13.424690755208292,,raw_gfs,gfs_rolling
2024-11-09 04:00:00,336,3.181694994729661,4.150030254242251,0.10241024925598163,12.947734374999946,,raw_gfs,gfs_rolling
2025-01-04 04:00:00,336,2.2408326212564993,2.9492925557273026,-1.353919285365485,8.820188802083313,,raw_gfs,gfs_rolling
2025-03-01 04:00:00,335,2.742181164490031,3.610434486984217,-1.9159441415966705,10.537613932291615,,raw_gfs,gfs_rolling
2025-04-26 04:00:00,334,3.185859667383959,3.8712377487464367,-2.7420756533807014,10.741479492187455,,raw_gfs,gfs_rolling
2025-06-21 04:00:00,336,2.5486919221423765,3.203033533797422,-1.5032146998813816,9.520166015625033,,raw_gfs,gfs_rolling
2025-08-16 04:00:00,336,2.394219437856537,3.015516840741373,1.6032757229275534,8.479036458333383,,raw_gfs,gfs_rolling
2025-10-11 04:00:00,336,3.378889308707431,4.541833130718881,2.1003089961299515,13.093600260416702,,raw_gfs,gfs_rolling
2025-12-06 04:00:00,336,5.273834674169152,7.0268300919185736,-0.8672737630208053,20.35930989583332,,raw_gfs,gfs_rolling
2026-01-31 04:00:00,335,4.884387743897675,6.322343419801154,-4.345517534398292,17.163281249999972,,raw_gfs,gfs_rolling
2026-03-28 04:00:00,332,3.307903101664451,4.4109213114480195,-1.7400734333819299,14.683870442708386,,raw_gfs,gfs_rolling
2026-05-23 04:00:00,336,5.179359000069736,6.948788108033072,-4.496752639043865,18.41534423828123,,raw_gfs,gfs_rolling
2026-07-18 04:00:00,336,2.702007374435509,3.5015176999755044,1.2059170879384533,9.58574218750001,,raw_gfs,gfs_rolling
all,6376,3.2308210602721257,4.353454371807949,-1.2796453769778706,20.35930989583332,,raw_gfs,gfs_rolling
2023-10-14 04:00:00,336,2.878980047635283,3.5149664630327724,0.7165214005465524,7.8985426750910825,1.0,linear,gfs_rolling
2023-12-09 04:00:00,336,4.209057569105307,5.1034555862507265,0.09941174541974523,14.808721624463583,0.9434523809523809,linear,gfs_rolling
2024-02-03 04:00:00,336,3.599351716416241,4.413787059911419,-0.5899244547604205,10.563440929200507,0.9583333333333334,linear,gfs_rolling
2024-03-30 04:00:00,336,4.678020549758333,5.380194047306586,-1.610980477577685,10.297082095614563,0.9434523809523809,linear,gfs_rolling
2024-05-25 04:00:00,336,2.125207467422881,2.637170259753313,-0.7338081595426709,8.79698745909482,1.0,linear,gfs_rolling
2024-07-20 04:00:00,336,2.272649261744694,3.096032936412192,1.5978423622567601,10.846635191290307,0.9761904761904762,linear,gfs_rolling
2024-09-14 04:00:00,336,2.8307065749248093,3.435227617580126,-2.1104761624526573,8.712978358126112,1.0,linear,gfs_rolling
2024-11-09 04:00:00,336,3.403567713040227,3.960224270733911,0.7425403651351381,9.214101171277493,0.9940476190476191,linear,gfs_rolling
2025-01-04 04:00:00,336,5.9293764595821,6.532170377052614,5.925213750967425,11.18991661558148,0.8541666666666666,linear,gfs_rolling
2025-03-01 04:00:00,335,4.047339881580794,4.847025141967869,0.7662394450285105,11.077590780293981,0.9313432835820895,linear,gfs_rolling
2025-04-26 04:00:00,334,2.8889414007569587,3.55567482325796,-1.1828993856214487,8.860626162044948,1.0,linear,gfs_rolling
2025-06-21 04:00:00,336,2.7322310791559254,3.2005489791635977,-2.002459050499612,7.771422305528535,1.0,linear,gfs_rolling
2025-08-16 04:00:00,336,2.5874809548868765,3.3038850427337816,2.3109835038252773,9.334627531603816,0.9970238095238095,linear,gfs_rolling
2025-10-11 04:00:00,336,2.872522890101227,3.472116773267178,1.6382022373089828,8.795691046969665,1.0,linear,gfs_rolling
2025-12-06 04:00:00,336,5.148510510823916,6.285465911768823,3.473334513317605,14.059497331093635,0.8601190476190477,linear,gfs_rolling
2026-01-31 04:00:00,335,6.258094654647877,7.199329858265643,4.981516317217713,14.065731945444924,0.7671641791044777,linear,gfs_rolling
2026-03-28 04:00:00,332,5.107150860301785,5.714246858723293,0.04015316592715791,11.7870600297373,0.9487951807228916,linear,gfs_rolling
2026-05-23 04:00:00,336,2.99789340673455,3.815300899611225,0.4677329231841932,12.519334332834022,0.9702380952380952,linear,gfs_rolling
2026-07-18 04:00:00,336,2.9380056654448894,3.9213812109360244,2.222843483184331,11.963950355401536,0.9553571428571429,linear,gfs_rolling
all,6376,3.657026014797174,4.568805214459914,0.882234196679406,14.808721624463583,0.9526348808030113,linear,gfs_rolling
2023-10-14 04:00:00,336,2.7090699962362335,3.3142382034971978,0.4292302713587063,6.930000000000003,,climatology,gfs_rolling
2023-12-09 04:00:00,336,3.9745191908338677,4.713688390056805,-0.3235643420077292,12.575,,climatology,gfs_rolling
2024-02-03 04:00:00,336,3.1578389179137076,4.036780170233775,-0.42577633101692214,10.316666666666666,,climatology,gfs_rolling
2024-03-30 04:00:00,336,4.777819777475098,5.5476679232725346,-1.33985756843426,11.538235294117644,,climatology,gfs_rolling
2024-05-25 04:00:00,336,2.5472214530814,3.0318112647216964,-1.7117416587381982,7.640000000000002,,climatology,gfs_rolling
2024-07-20 04:00:00,336,1.9856077552639344,2.6238068448810945,0.8660133587552933,8.64857142857143,,climatology,gfs_rolling
2024-09-14 04:00:00,336,3.1755546431927244,3.84911332520994,-2.382086965306442,9.746666666666668,,climatology,gfs_rolling
2024-11-09 04:00:00,336,3.339683263837109,4.2883206765997945,-1.5840054213727124,13.16,,climatology,gfs_rolling
2025-01-04 04:00:00,336,5.561442319291764,6.221123450176528,5.27657459442404,10.272916666666667,,climatology,gfs_rolling
2025-03-01 04:00:00,335,4.05915759366216,4.924410946753995,0.6881829449056538,11.312000000000001,,climatology,gfs_rolling
2025-04-26 04:00:00,334,3.285035543636735,3.986223219001044,-2.194836270990474,8.481250000000003,,climatology,gfs_rolling
2025-06-21 04:00:00,336,2.8173863316053533,3.2663870468230694,-2.0722678775285663,7.446938775510198,,climatology,gfs_rolling
2025-08-16 04:00:00,336,2.582812509832915,3.274799817298856,2.010764634306249,9.617777777777777,,climatology,gfs_rolling
2025-10-11 04:00:00,336,2.4770319221694828,2.984087707739282,0.47053878750707084,7.149999999999999,,climatology,gfs_rolling
2025-12-06 04:00:00,336,5.957413864816498,6.983581190168265,4.308877425151026,14.653333333333334,,climatology,gfs_rolling
2026-01-31 04:00:00,335,7.842525118607147,8.86382615934024,6.856365914627048,20.187396351575458,,climatology,gfs_rolling
2026-03-28 04:00:00,332,5.077693852561084,5.676918488149029,0.18595239154393572,11.593333333333335,,climatology,gfs_rolling
2026-05-23 04:00:00,336,3.0741387187296905,3.720013446093331,-0.2874725674619058,10.961194029850752,,climatology,gfs_rolling
2026-07-18 04:00:00,336,2.8411595952799353,3.7828390173845654,1.8954847869714202,11.12903225806452,,climatology,gfs_rolling
all,6376,3.748259602642289,4.735980941883159,0.5614811301702006,20.187396351575458,,climatology,gfs_rolling
