feature,coefficient,model
trend_years,-0.025164138101774217,linear
daily_sin_1,-4.231633799083458,linear
daily_cos_1,1.3430090848136342,linear
daily_sin_2,0.26340629055495335,linear
daily_cos_2,-0.9723527747440214,linear
daily_sin_3,-0.21648180886597873,linear
daily_cos_3,-0.06265919841743059,linear
annual_sin_1,-2.1763360872277313,linear
annual_cos_1,-10.00195033593128,linear
annual_sin_2,0.46955174982912085,linear
annual_cos_2,-0.6755294661754221,linear
annual_sin_3,-0.374717195377137,linear
annual_cos_3,-0.4718392898749611,linear
daily_sin_1_x_annual_sin_1,0.10977637508627548,linear
daily_sin_1_x_annual_cos_1,0.39273792347541825,linear
daily_cos_1_x_annual_sin_1,0.4539234126330783,linear
daily_cos_1_x_annual_cos_1,0.37335020655088935,linear
gfs_temperature_c,0.7531247648000464,linear_gfs
lead_days,0.37222705071350926,linear_gfs
gfs_x_lead_days,-0.018618724451480495,linear_gfs
daily_sin_1,-1.7970851375201617,linear_gfs
daily_cos_1,0.33713790620641154,linear_gfs
daily_sin_2,0.3419535244947468,linear_gfs
daily_cos_2,-0.2640220018595743,linear_gfs
annual_sin_1,0.11636704956824684,linear_gfs
annual_cos_1,-4.308681752486442,linear_gfs
