lead_day,mae_c,scored_hours,cutoff
1,1.5589877270969763,24,2022-09-17 04:00:00
2,1.504005960852492,24,2022-09-17 04:00:00
3,2.218122967995781,24,2022-09-17 04:00:00
4,2.307284076787047,24,2022-09-17 04:00:00
5,2.83829830350084,24,2022-09-17 04:00:00
6,2.8945818116527513,24,2022-09-17 04:00:00
7,5.271344838568961,24,2022-09-17 04:00:00
8,5.376685572044914,24,2022-09-17 04:00:00
9,1.0813858014792952,24,2022-09-17 04:00:00
10,1.5838377705773716,24,2022-09-17 04:00:00
11,3.5978743219798694,24,2022-09-17 04:00:00
12,6.401939011909729,24,2022-09-17 04:00:00
13,6.2062129481596875,24,2022-09-17 04:00:00
14,6.976267658773896,24,2022-09-17 04:00:00
1,2.3363873667587973,24,2023-09-17 04:00:00
2,1.0117374498814946,24,2023-09-17 04:00:00
3,2.148272491580631,24,2023-09-17 04:00:00
4,1.55893933119022,24,2023-09-17 04:00:00
5,1.0881497914403149,24,2023-09-17 04:00:00
6,2.414379173587274,24,2023-09-17 04:00:00
7,4.2714799605264835,24,2023-09-17 04:00:00
8,1.6300609276927112,24,2023-09-17 04:00:00
9,3.103684010493968,24,2023-09-17 04:00:00
10,1.8301166588205156,24,2023-09-17 04:00:00
11,2.549077990279375,24,2023-09-17 04:00:00
12,0.8323591840160579,24,2023-09-17 04:00:00
13,1.5374569921772576,24,2023-09-17 04:00:00
14,1.23647409170337,24,2023-09-17 04:00:00
1,2.4670668268575855,24,2024-09-17 04:00:00
2,1.5091759226134638,24,2024-09-17 04:00:00
3,1.9359667752234009,24,2024-09-17 04:00:00
4,2.524977274541054,24,2024-09-17 04:00:00
5,3.214875779125439,24,2024-09-17 04:00:00
6,2.4508762981012935,24,2024-09-17 04:00:00
7,1.9692974044101295,24,2024-09-17 04:00:00
8,3.7389446057478146,24,2024-09-17 04:00:00
9,5.505404239003531,24,2024-09-17 04:00:00
10,4.8630578476336535,24,2024-09-17 04:00:00
11,6.411687908217165,24,2024-09-17 04:00:00
12,4.651143867724046,24,2024-09-17 04:00:00
13,5.023009408590936,24,2024-09-17 04:00:00
14,4.23734989434861,24,2024-09-17 04:00:00
1,2.7061078938732472,24,2025-09-17 04:00:00
2,1.5087906938091804,24,2025-09-17 04:00:00
3,3.254899816669868,24,2025-09-17 04:00:00
4,3.643011570623891,24,2025-09-17 04:00:00
5,1.3886835262171993,24,2025-09-17 04:00:00
6,1.6567640272031812,24,2025-09-17 04:00:00
7,3.6014613619587905,24,2025-09-17 04:00:00
8,6.907606963875785,24,2025-09-17 04:00:00
9,6.856938038288953,24,2025-09-17 04:00:00
10,5.308561353471386,24,2025-09-17 04:00:00
11,3.291428947971379,24,2025-09-17 04:00:00
12,2.623700857257909,24,2025-09-17 04:00:00
13,2.5926007583383885,24,2025-09-17 04:00:00
14,2.381521276558024,24,2025-09-17 04:00:00
