folds,metric,challenger,reference,n_folds,mean_difference,ci_low,ci_high,challenger_wins,win_rate,significant
rolling,mae_c,climatology,raw_gfs,19,0.518599745412301,-0.06824444012362424,1.119391267920978,6,0.3157894736842105,False
rolling,mae_c,persistence,raw_gfs,19,1.1663662656701796,0.47719536163437554,1.910742139087912,5,0.2631578947368421,True
rolling,mae_c,prophet,raw_gfs,19,0.43416100580139433,-0.11835157423117718,1.022157732302484,9,0.47368421052631576,False
rolling,mae_c,prophet_gfs,raw_gfs,19,-0.23219355702747038,-0.5005146038064898,0.022693583102137278,12,0.631578947368421,False
rolling,mae_c,prophet_gfs_all,raw_gfs,19,-0.1953498002804447,-0.46494329437191056,0.06666203227704016,12,0.631578947368421,False
rolling,mae_c,prophet_gfs_seasonal,raw_gfs,19,0.7036218674070673,-4.956248373841613e-06,1.4740383205072596,9,0.47368421052631576,False
rolling,mae_c,xgboost,raw_gfs,19,-0.4118686515937988,-0.8338476974353889,-0.01665820340220902,12,0.631578947368421,True
seasonal,mae_c,climatology,raw_gfs,2,0.61754269200559,0.3331798708207705,0.9019055131904095,0,0.0,True
seasonal,mae_c,persistence,raw_gfs,2,1.4206735629127298,0.9513209146166814,1.8900262112087782,0,0.0,True
seasonal,mae_c,prophet,raw_gfs,2,0.9044501511837522,0.8911066802455943,0.9177936221219101,0,0.0,True
seasonal,mae_c,prophet_gfs,raw_gfs,2,-0.43625298054504613,-0.5718631235024434,-0.30064283758764887,2,1.0,True
seasonal,mae_c,prophet_gfs_all,raw_gfs,2,-0.37944716361416275,-0.5392474856655851,-0.2196468415627404,2,1.0,True
seasonal,mae_c,prophet_gfs_seasonal,raw_gfs,2,0.7201928439437455,0.4194802217294673,1.0209054661580237,0,0.0,True
seasonal,mae_c,xgboost,raw_gfs,2,-0.1396872987453739,-0.2820054697612018,0.002630872270453999,1,0.5,False
